<?xml version="1.0" encoding="UTF-8"?>
<!DOCTYPE configuration PUBLIC "-//mybatis.org//DTD Config 3.0//EN" "http://mybatis.org/dtd/mybatis-3-config.dtd">

<configuration>
    
    <settings>
        <setting name="cacheEnabled" value="true"/>
        <setting name="lazyLoadingEnabled" value="false"/>
        <setting name="multipleResultSetsEnabled" value="true"/>
        <setting name="useColumnLabel" value="true"/>
        <setting name="useGeneratedKeys" value="false"/>
        <setting name="defaultStatementTimeout" value="25000"/>
        <setting name="callSettersOnNulls" value="true"/>
    </settings>
    
    <typeAliases>
		<typeAlias alias="egovMap" type="egovframework.rte.psl.dataaccess.util.EgovMap"/>
        <typeAlias alias="itsMap" type="com.its.util.ItsMap"/>
    </typeAliases>
    
    <typeHandlers>
        <typeHandler handler="com.its.data.dao.ClobHandler" javaType="String" jdbcType="LONGVARCHAR"/>
        <typeHandler handler="com.its.data.dao.ClobHandler" javaType="String" jdbcType="CLOB"/>
    </typeHandlers>
</configuration>