﻿<?xml version="1.0" encoding="UTF-8" ?>
<!DOCTYPE mapper
  PUBLIC "-//mybatis.org//DTD Mapper 3.0//EN"
  "http://mybatis.org/dtd/mybatis-3-mapper.dtd">
    
<mapper namespace="calendar">
        <!-- MAX KEY -->
        <select id="SCHEDULE_MAX_SELECT" parameterType="java.util.HashMap" resultType="java.util.HashMap">
<!-- 		SELECT CONCAT(DATE_FORMAT(NOW(), '%Y%m%d'), LPAD(IFNULL( MAX(CAST(SUBSTR(SCHEDULE_ID,9) AS UNSIGNED)), 0)+1, 7, '0') ) AS SCHEDULE_ID -->
<!-- 		FROM SCHEDULE -->
<!-- 		WHERE SUBSTR(SCHEDULE_ID, 1, 8) = DATE_FORMAT(NOW(), '%Y%m%d') -->
		
		SELECT CONCAT(DATE_FORMAT(NOW(), '%Y%m%d'), get_seq2('schedule')) AS SCHEDULE_ID
        </select>

        <!-- TMS 정보 가져오기 -->
       <select id="WEBEX_INFO_SELECT" parameterType="java.util.HashMap" resultType="java.util.HashMap">
			SELECT E.SYSTEM_IP,
				   E.SYSTEM_ID
			FROM ENVIRONMENT E
			WHERE E.USE_YN = 'Y'
				AND E.SYSTEM_TYPE = 'CD0601'
        </select>

        <!-- 부서에 해당하는 회원 가져오기 2012.3.8 -> 상세예약 팝업 -->
        <select id="MEMBER_IN_GROUP_SELECT" parameterType="java.util.HashMap" resultType="java.util.HashMap">
                
	
                SELECT M.MEMBER_ID
                       , M.MEMBER_NM
                       , M.MEMBER_PW
                       , M.EMAIL
                       , M.MOBILE
                       , M.PHONE
                       , M.DEPT_CD
                       , M.AUTH_CD
                       , M.UNLOCODE
                FROM   MEMBER M
                WHERE  M.AUTH_CD IN ('CD0102','CD0103')
                AND M.ORG_KEY = #{ORG_KEY}}
       
                
        </select>

     
        
 		<select id="MEMBER_ID_SELECT" parameterType="java.util.HashMap" resultType="java.util.HashMap">
                SELECT MEMBER_ID
                    
                FROM MEMBER
                WHERE MEMBER_ID = #{MEMBER_ID}
        </select>
    
		<!-- 기존 부서정보로 되돌림  2012.7.9 김용-->
		<select id="ENDPOINT_DEPARTMENT_SELECT" parameterType="java.util.HashMap" resultType="java.util.HashMap">
                
                SELECT 	 D.DEPT_CD AS CODE 
				  	 	 , D.DEPT_NM AS NAME
	                     , CASE D.LEVEL WHEN 1 THEN D.ORG_KEY ELSE D.PAR_CD END AS PARENT_CD
	                     , D.LEVEL
	                     , D.ORG_KEY
	                     , 'DEPT' AS TYPE
	                     , D.DEPT_NM AS CBLBL
	                     , IFNULL(E.ENDPOINT_CONT,'0') AS ENDPOINT_CONT
                FROM  DEPARTMENT D LEFT OUTER JOIN (                   
							                           SELECT COUNT(E.DEPT_CD) AS ENDPOINT_CONT
							                                , D.DEPT_CD 
							                		     FROM ENDPOINTS E, DEPARTMENT D
							                			WHERE E.DEPT_CD = D.DEPT_CD
							                			  AND E.ORG_KEY = #{ORG_KEY}
							                			  AND E.USE_YN = 'Y'
							                			  AND E.ACTIVE_YN = 'Y'
							                			  <if test="KEY_WORD != null">
													  	  AND	LOWER(E.DISPLAY_NM) LIKE LOWER('%#{KEY_WORD}%')
													  	 </if>
							                            GROUP BY D.DEPT_CD
							                     )E 
							                       ON D.DEPT_CD = E.DEPT_CD
                WHERE D.ORG_KEY = #{ORG_KEY}
                  <if test="DEPARTMENT_KEY_WORD != null">
			  	  AND	LOWER(E.DEPT_NM) LIKE LOWER('%#{DEPARTMENT_KEY_WORD}%')
			  	 </if>
                ORDER BY D.LEVEL, D.DEPT_CD
        </select>

    	<!-- 예약 일정 넣기 2012.5.8 -->
			<insert id="NEW_MEETING_INSERT" parameterType="java.util.HashMap" >
			INSERT INTO SCHEDULE (SCHEDULE_ID
								 , SCHEDULE_TYPE
								 , TITLE
								 , CONTENTS
								 , START_TIME
								 , END_TIME
								 , DURATION
								 , BRIDGE_TYPE
								 , SCHEDULER_EMAIL
								 , SCHEDULER_NM
								 , SCHEDULER_ORG_KEY
								 , OPEN_YN
								 , USE_YN
								 , INPUT_DT
								 , INPUT_ID
								 , INPUT_IP
								  , RECORDING_YN
								  , PASSCODE
								  , WEB_BRIDGE_URI
								  , MAIL_YN
								  , MEETING_KEY
								  , MEETING_PW
								  , HOST_KEY
								  , INVITE_URL
								  , WEBEX_ID
								  , WEBEX_SEQ
				 				 )
					VALUES(	#{SCHEDULE_ID}
			   				 , #{SCHEDULE_TYPE}
							 , #{TITLE}
							 , #{CONTENTS}
							 , #{START_TIME}
							 , #{END_TIME}
							 , #{DURATION}
							 , #{BRIDGE_TYPE}
							 , #{SCHEDULER_EMAIL}
							 , #{SCHEDULER_NM}
							 , #{SCHEDULER_ORG_KEY}
							 , #{OPEN_YN}
							 , #{USE_YN}
							 , NOW()
							 , #{INPUT_ID}
							 , #{INPUT_IP}
							  , #{RECORDING_YN}
							  , #{PASSCODE}
							  , #{WEB_BRIDGE_URI}
							  , #{MAIL_YN}
							  , #{MEETING_KEY}
							  , #{MEETING_PW}
							  , #{HOST_KEY}
							  , #{INVITE_URL}
							  , #{WEBEX_ID}
							  , #{WEBEX_SEQ}
							 )								 
		</insert>
		
		<!-- 즉시미팅 예약 일정 넣기 2017.6.12 -->
		<insert id="INSTANT_MEETING_INSERT" parameterType="java.util.HashMap" >
			INSERT INTO SCHEDULE (SCHEDULE_ID
								 , SCHEDULE_TYPE
								 , TITLE
								 , START_TIME
								 , END_TIME
								 , USE_YN
								 , URI
								 , CALL_ID
								 , SECRET
								 , WEB_BRIDGE_URI
				 				 )
					VALUES(	#{SCHEDULE_ID}
			   				 , 'CD0201'
							 , #{TITLE}
							 , CONVERT_GLOBALTIME2(STR_TO_DATE(#{START_TIME},'%Y%m%d%H%i%s'), 'Asia/Seoul')
							 , CONVERT_GLOBALTIME2(STR_TO_DATE(#{END_TIME},'%Y%m%d%H%i%s'), 'Asia/Seoul')
							 , 'Y'
							 , #{URI}
							 , #{URI}
							 , #{SECRET}
							 , #{#WEB_BRIDGE_URI}
							 )								 
						     
		</insert>
		
        <!-- 참석자 넣기 2012.3.13 -->
        <insert id="PARTICIPANT_INSERT" parameterType="java.util.HashMap" >
                INSERT INTO PARTICIPANT(SCHEDULE_ID
                	                    , RES_ENDPOINT_ID
                                        , RES_KEY
                                        , MEMBER_ID
                                        , MEMBER_NM
                                        , EMAIL
                                        , MEMBER_TEAM_CD
                                        , MEMBER_DEPT_CD
                                        , INPUT_DT
                                        , INPUT_ID
                                        , INPUT_IP
                                       )
                VALUES(#{SCHEDULE_ID}
                  	   , #{RES_ENDPOINT_ID}
                       , #{RES_KEY}
                       , #{MEMBER_ID}
                       , #{MEMBER_NM}
                       , #{EMAIL}
                       , #{TEAM_CD}
                       , #{DEPT_CD}
                       , NOW()
                       , #{INPUT_ID}
                       , #{INPUT_IP})
        </insert>
		
		<!-- Reservation Endpoint Key -->
        <select id="RES_ENDPOINTS_MAX_SELECT" parameterType="java.util.HashMap" resultType="java.util.HashMap">
<!-- 	     		SELECT  LPAD(IFNULL(MAX(RES_ENDPOINT_ID),'0')+1,14,'0') AS RES_ENDPOINT_ID -->
<!-- 	     		FROM RES_ENDPOINTS -->
	     		
	     		SELECT  LPAD(IFNULL(MAX(cast(RES_ENDPOINT_ID as unsigned)),'0')+1,15,'0') AS RES_ENDPOINT_ID
	     		FROM RES_ENDPOINTS
	 	</select>
	 	
        <!-- 예약 Endpoint -->
        <insert id="RES_ENDPOINTS_INSERT" parameterType="java.util.HashMap" >
                     INSERT INTO RES_ENDPOINTS(RES_ENDPOINT_ID
                						  , SCHEDULE_ID
                                      	  , RES_KEY
                                      	  , ENDPOINT_TYPE
                                      	  , RESOURCE_ENDPOINTS
                                      	  , PARTY_ID
                                      	  , CALL_TYPE
                                      	  , INPUT_DT
                                      	  , INPUT_ID
                                      	  , INPUT_IP
                                      	  )
                VALUES(#{RES_ENDPOINT_ID}
					   , #{SCHEDULE_ID}
                  	   , #{RES_KEY}
                  	   , #{ENDPOINT_TYPE}
                  	   , #{RESOURCE_ENDPOINTS}
                  	   , #{PARTY_ID}
                  	   , #{CALL_TYPE}
                  	   , NOW()
                  	   , #{INPUT_ID}
                  	   , #{INPUT_IP})

        </insert>
        
        <update id="RES_JABBER_OCS_UPDATE" parameterType="java.util.HashMap">
        	UPDATE RES_ENDPOINTS 
			SET RES_KEY = #{RES_KEY}, 
			    ENDPOINT_TYPE = #{ENDPOINT_TYPE},
			    UPDT_DT = NOW(),
			    UPDT_ID = #{UPDT_ID},
			    UPDT_IP = #{UPDT_IP}
			WHERE RES_ENDPOINT_ID = #{RES_ENDPOINT_ID} 
			      AND SCHEDULE_ID = #{SCHEDULE_ID}
        </update>
        
        <!-- 예약 Endpoint 업데이트 2012.6. 4 -->
        <insert id="RES_ENDPOINTS_UPDATE" parameterType="java.util.HashMap" >
       		UPDATE RES_ENDPOINTS
       		SET	DIALOUT_YN = #{DIALOUT_YN},
       			PORTS = #{PORTS},
<!--        			ACCESS_NUM = }ACCESS_NUM}, -->
       			PROTOCOL = #{PROTOCOL},
<!--        			HOST_YN = }HOST_YN}, -->
       			UPDT_DT = NOW(),
       			UPDT_ID = #{UPDT_ID},
       			UPDT_IP = #{UPDT_IP}
       		WHERE SCHEDULE_ID = #{SCHEDULE_ID}
       			AND RES_ENDPOINT_ID = #{RES_ENDPOINT_ID}
        </insert>
        
        
        <select id="JABBER_SELECT" parameterType="java.util.HashMap" resultType="java.util.HashMap">
        	SELECT E.ENDPOINT_KEY AS CODE,
			   		E.DISPLAY_NM AS NAME,
			   		E.ORG_KEY,
			   		E.DEPT_CD,
			   		E.COLOR,
				   	E.DIR_NUM,
				   	E.PORTS,
				   	E.ENDPOINT_TYPE,
				   	'ENDPOINT' AS TYPE,
				   	GET_OFFSET(#{WEEK_START_TIME}, E.UNLOCODE) AS GMT_OFFSET,
				   	E.CAPACITY,
				   	E.PROTOCOL,
				   	E.ENDPOINT_EMAIL			   	
			FROM ENDPOINTS E,
			WHERE E.USE_YN = 'Y'
			  	AND E.ACTIVE_YN = 'Y'
			  	<if test="KEY_WORD != null"> 
			  		AND LOWER(E.DISPLAY_NM) LIKE LOWER('%#{KEY_WORD,jdbcType=VARCHAR}%')
			  	</if>
			ORDER BY E.DISPLAY_NM ASC
			
        </select>
        
        
         <!-- ENDPOINTS 가져오기 -->
        <select id="ENDPOINTS_SELECT" parameterType="java.util.HashMap" resultType="java.util.HashMap">
        	SELECT E.ENDPOINT_KEY AS CODE,
			   		E.DISPLAY_NM AS NAME,
			   		E.ORG_KEY,
			   		(SELECT ORG_NM FROM ORGANIZATION WHERE ORG_KEY = E.ORG_KEY) AS ORGNM,
			   		E.DEPT_CD,
			   		E.COLOR,
				   	E.DIR_NUM,
				   	E.PORTS,
				   	D.DEPT_NM,
				   	D.DEPT_CD AS PARENT_CD,
				   	E.ENDPOINT_TYPE,
				   	'ENDPOINT' AS TYPE,
				   	GET_OFFSET(#{WEEK_START_TIME}, E.UNLOCODE) AS GMT_OFFSET,
				   	E.CAPACITY,
				   	E.PROTOCOL,
				   	E.ENDPOINT_IP,
				   	E.ARENA_YN,
				   	IFNULL(REG_CD,'') AS REG_CD				   	
			FROM ENDPOINTS E, DEPARTMENT D
			WHERE E.DEPT_CD = D.DEPT_CD
				AND E.ORG_KEY = #{ORG_KEY}
			  	AND E.USE_YN = 'Y'
			  	AND E.ACTIVE_YN = 'Y'
			  	<if test="KEY_WORD != null"> 
			  		AND LOWER(E.DISPLAY_NM) LIKE LOWER('%#{KEY_WORD}%')
			  	</if>
			ORDER BY E.DISPLAY_NM ASC
			
        </select>
        
        <!-- 회의룸을 제외한ENDPOINTS만 가져오기 -->
        <select id="ENDPOINTS_SELECT2" parameterType="java.util.HashMap" resultType="java.util.HashMap">
        	SELECT E.ENDPOINT_KEY AS CODE,
			   		E.DISPLAY_NM AS NAME,
			   		E.ORG_KEY,
			   		(SELECT ORG_NM FROM ORGANIZATION WHERE ORG_KEY = E.ORG_KEY) AS ORGNM,
			   		E.DEPT_CD,
			   		E.COLOR,
				   	E.DIR_NUM,
				   	E.PORTS,
				   	D.DEPT_NM,
				   	D.DEPT_CD AS PARENT_CD,
				   	E.ENDPOINT_TYPE,
				   	'ENDPOINT' AS TYPE,
				   	GET_OFFSET(#{WEEK_START_TIME}, E.UNLOCODE) AS GMT_OFFSET,
				   	E.CAPACITY,
				   	E.PROTOCOL,
				   	IFNULL(REG_CD,'') AS REG_CD				   	
			FROM ENDPOINTS E, DEPARTMENT D
			WHERE E.DEPT_CD = D.DEPT_CD
				AND E.ORG_KEY = #{ORG_KEY}
			  	AND E.USE_YN = 'Y'
			  	AND E.ACTIVE_YN = 'Y'
			  	AND E.ENDPOINT_TYPE IN ('CD0301','CD0302')
			  	<if test="KEY_WORD != null"> 
			  		AND LOWER(E.DISPLAY_NM) LIKE LOWER('%#{KEY_WORD}%')
			  	</if>
			ORDER BY E.DISPLAY_NM ASC
			
        </select>
        
		
		<!-- 사용된 ENDPOINT 가져오기 -->
		<select id="USED_ENDPOINT_SELECT" parameterType="java.util.HashMap" resultType="java.util.HashMap">
			SELECT S.SCHEDULE_ID,
			       E.ENDPOINT_KEY,			    
			       E.DISPLAY_NM AS ENDPOINT_NM,
			       E.ENDPOINT_TYPE,
			       E.CAPACITY,
			       E.CTM_ID
			FROM SCHEDULE S, PARTICIPANT P, RES_ENDPOINTS RE, ENDPOINTS E
			WHERE S.SCHEDULE_ID = P.SCHEDULE_ID
			      AND P.SCHEDULE_ID = RE.SCHEDULE_ID    
      			  AND RE.RES_KEY = E.ENDPOINT_KEY
			      AND E.ENDPOINT_TYPE IN ('CD0301','CD0302','CD0305') 
			      AND P.EMAIL = #{EMAIL}    
			      <!--    AND (P.MEMBER_ID = }MEMBER_ID} OR P.EMAIL = }EMAIL}) --> 
			      <![CDATA[     
			      AND ((S.START_TIME >= #{START_DATE_TIME} 
				  AND S.START_TIME < #{END_DATE_TIME})
				  OR (S.END_TIME > #{START_DATE_TIME}
				  AND S.END_TIME <= #{END_DATE_TIME}))
				  AND E.ACTIVE_YN = 'Y'
				  AND E.USE_YN = 'Y'
				  AND S.USE_YN = 'Y'
			      ]]>
			GROUP BY E.ENDPOINT_KEY
		</select>
		
        <!-- 일정 가져오기 2012.5.4 -->
        <select id="SCHEDULE_SELECT" parameterType="java.util.HashMap" resultType="java.util.HashMap">
			SELECT G.*
			FROM (
			SELECT S.SCHEDULE_ID,
			       S.SCHEDULE_ID AS id,
				   (SELECT M.MEMBER_NM FROM MEMBER M WHERE M.MEMBER_ID = S.INPUT_ID) AS INPUT_NM,
<!-- 				   (SELECT M.DISPLAYNAME FROM MEMBER M WHERE M.MEMBER_ID = S.INPUT_ID) AS INPUT_NM, -->
				   S.SCHEDULE_TYPE,
				   S.TITLE,
				   S.CONTENTS,
				   S.CONTENTS as description,
				   CASE WHEN S.SCHEDULE_TYPE = 'CD0201' THEN '#009944' WHEN S.SCHEDULE_TYPE = 'CD0203' THEN '#000000' else '#006CB9' END as 'textColor',
				   CASE WHEN S.SCHEDULE_TYPE = 'CD0201' THEN '#E9F7DF' WHEN S.SCHEDULE_TYPE = 'CD0203' THEN '#BDBDBD' else '#DDEAF8' END as 'backgroundColor', 
				   DATE_FORMAT(CONVERT_LOCALTIME2(S.START_TIME, #{UNLOCODE}), '%Y%m%d') AS START_DATE,
				   DATE_FORMAT(CONVERT_LOCALTIME2(S.START_TIME, #{UNLOCODE}), '%H%i') AS START_TIME,
				   DATE_FORMAT(CONVERT_LOCALTIME2(S.END_TIME, #{UNLOCODE}), '%Y%m%d') AS END_DATE,
				   DATE_FORMAT(CONVERT_LOCALTIME2(S.END_TIME, #{UNLOCODE}), '%H%i') AS END_TIME,
				   DATE_FORMAT(CONVERT_LOCALTIME2(S.START_TIME, #{UNLOCODE}), '%Y-%m-%dT%H:%i:%s') AS START,
				   DATE_FORMAT(CONVERT_LOCALTIME2(S.END_TIME, #{UNLOCODE}), '%Y-%m-%dT%H:%i:%s') AS END,
				   S.OPEN_YN,
				   S.USE_YN,
				   S.INPUT_ID,
				   S.CONF_ID,
				   S.DURATION,
				   S.URI,
				   S.PASSCODE,
				   S.COSPACE_ID,
				   S.EX_YN,
				   S.SCHEDULER_ORG_KEY,
				   CASE WHEN (NOW() + INTERVAL '-0 1' DAY_HOUR) &lt; S.INPUT_DT THEN 'NEW' ELSE 'OLD' END AS NEW_TYPE
			FROM SCHEDULE S, ENDPOINTS E, RES_ENDPOINTS RE
			WHERE S.SCHEDULE_ID = RE.SCHEDULE_ID
				AND RE.RES_KEY = E.ENDPOINT_KEY
			    AND S.USE_YN = 'Y'
			    AND S.SCHEDULE_TYPE IN ('CD0201','CD0203')
				<![CDATA[
		    	  AND 
		    	  ((S.START_TIME >= CONVERT_GLOBALTIME2(#{START_DATE_TIME},#{UNLOCODE}) 
				  AND S.START_TIME < CONVERT_GLOBALTIME2(#{END_DATE_TIME},#{UNLOCODE}) )
				  OR (S.END_TIME > CONVERT_GLOBALTIME2(#{START_DATE_TIME},#{UNLOCODE}) 
				  AND S.END_TIME <= CONVERT_GLOBALTIME2(#{END_DATE_TIME},#{UNLOCODE}) ))
		    	]]> 
<!-- 				  AND -->
<!-- 					( -->
<!-- 					(DATE_FORMAT(CONVERT_LOCALTIME2(S.START_TIME, #{UNLOCODE}),'%Y%m%d%H%i') >= #{START_DATE_TIME}         -->
<!-- 			         AND DATE_FORMAT(CONVERT_LOCALTIME2(S.START_TIME, #{UNLOCODE}),'%Y%m%d%H%i') < #{END_DATE_TIME})         -->
<!-- 			         OR  -->
<!-- 			         (DATE_FORMAT(CONVERT_LOCALTIME2(S.END_TIME, #{UNLOCODE}),'%Y%m%d%H%i') > #{START_DATE_TIME}         -->
<!-- 			         AND DATE_FORMAT(CONVERT_LOCALTIME2(S.END_TIME, #{UNLOCODE}),'%Y%m%d%H%i') <= #{END_DATE_TIME})     -->
<!-- 			         OR  -->
<!-- 			         (DATE_FORMAT(CONVERT_LOCALTIME2(S.START_TIME, #{UNLOCODE}),'%Y%m%d%H%i') < #{START_DATE_TIME}          -->
<!-- 			         AND DATE_FORMAT(CONVERT_LOCALTIME2(S.END_TIME, #{UNLOCODE}),'%Y%m%d%H%i') > #{END_DATE_TIME})     -->
<!-- 			        ) -->
				<if test="RES_ID == ''">
			    	AND E.ENDPOINT_KEY IN ('')
			    </if>
			   <if test="RES_ID != ''">
			    	AND E.ENDPOINT_KEY IN (${RES_ID})
			   </if>
			) G
			GROUP BY G.SCHEDULE_ID, G.START_TIME, G.END_TIME
			ORDER BY G.START_TIME ASC
		</select>
		
	 <select id="RESOURCE_SCHEDULE_SELECT" parameterType="java.util.HashMap" resultType="java.util.HashMap">
			SELECT G.*
			FROM (
			SELECT S.SCHEDULE_ID,
			       S.SCHEDULE_ID AS id,
				   (SELECT M.MEMBER_NM FROM MEMBER M WHERE M.MEMBER_ID = S.INPUT_ID) AS INPUT_NM,
<!-- 				   (SELECT M.DISPLAYNAME FROM MEMBER M WHERE M.MEMBER_ID = S.INPUT_ID) AS INPUT_NM, -->
				   S.SCHEDULE_TYPE,
				   S.TITLE,
				   S.CONTENTS,
				   S.CONTENTS as description,
				   CASE WHEN S.SCHEDULE_TYPE = 'CD0201' THEN '#009944' else '#006CB9' END as 'textColor',
				   CASE WHEN S.SCHEDULE_TYPE = 'CD0201' THEN '#E9F7DF' else '#DDEAF8' END as 'backgroundColor', 
				   DATE_FORMAT(CONVERT_LOCALTIME2(S.START_TIME, #{UNLOCODE}), '%Y%m%d') AS START_DATE,
				   DATE_FORMAT(CONVERT_LOCALTIME2(S.START_TIME, #{UNLOCODE}), '%H%i') AS START_TIME,
				   DATE_FORMAT(CONVERT_LOCALTIME2(S.END_TIME, #{UNLOCODE}), '%Y%m%d') AS END_DATE,
				   DATE_FORMAT(CONVERT_LOCALTIME2(S.END_TIME, #{UNLOCODE}), '%H%i') AS END_TIME,
				   DATE_FORMAT(CONVERT_LOCALTIME2(S.START_TIME, #{UNLOCODE}), '%Y-%m-%dT%H:%i:%s') AS START,
				   DATE_FORMAT(CONVERT_LOCALTIME2(S.END_TIME, #{UNLOCODE}), '%Y-%m-%dT%H:%i:%s') AS END,
				   S.OPEN_YN,
				   S.USE_YN,
				   S.INPUT_ID,
				   S.CONF_ID,
				   S.DURATION,
				   S.URI,
				   S.PASSCODE,
				   S.COSPACE_ID,
				   S.EX_YN,
				   S.SCHEDULER_ORG_KEY,
				   CASE WHEN (NOW() + INTERVAL '-0 1' DAY_HOUR) &lt; S.INPUT_DT THEN 'NEW' ELSE 'OLD' END AS NEW_TYPE
			FROM SCHEDULE S,  RES_ENDPOINTS RE
			WHERE S.SCHEDULE_ID = RE.SCHEDULE_ID
			    AND S.USE_YN = 'Y'
			     AND S.SCHEDULE_TYPE = 'CD0202'
			    AND S.SCHEDULER_EMAIL = #{EMAIL}
				<![CDATA[
		    	  AND ((S.START_TIME >= CONVERT_GLOBALTIME2(#{START_DATE_TIME},#{UNLOCODE}) 
				  AND S.START_TIME < CONVERT_GLOBALTIME2(#{END_DATE_TIME},#{UNLOCODE}) )
				  OR (S.END_TIME > CONVERT_GLOBALTIME2(#{START_DATE_TIME},#{UNLOCODE}) 
				  AND S.END_TIME <= CONVERT_GLOBALTIME2(#{END_DATE_TIME},#{UNLOCODE}) ))
		    	]]> 
				
			) G
			GROUP BY G.SCHEDULE_ID, G.START_TIME, G.END_TIME
			ORDER BY G.START_TIME ASC
		</select>
	
		
        <!-- 자신 일정 가져오기 2012.9.13 -->
        <select id="MY_SCHEDULE_SELECT" parameterType="java.util.HashMap" resultType="java.util.HashMap">
			SELECT G.*
			FROM (
			SELECT S.SCHEDULE_ID, 
			       S.SCHEDULE_ID AS id,
				   (SELECT M.MEMBER_NM FROM MEMBER M WHERE M.MEMBER_ID = S.INPUT_ID) AS INPUT_NM,
				   S.SCHEDULE_TYPE,
				   S.TITLE,
				   S.CONTENTS,
				   S.CONTENTS as description,
				   CASE WHEN S.SCHEDULE_TYPE = 'CD0201' THEN '#009944' else '#006CB9' END as 'textColor',
				   CASE WHEN S.SCHEDULE_TYPE = 'CD0201' THEN '#E9F7DF' else '#DDEAF8' END as 'backgroundColor', 
				   DATE_FORMAT(CONVERT_LOCALTIME2(S.START_TIME, #{UNLOCODE}), '%Y%m%d') AS START_DATE,
				   DATE_FORMAT(CONVERT_LOCALTIME2(S.START_TIME, #{UNLOCODE}), '%H%i') AS START_TIME,
				   DATE_FORMAT(CONVERT_LOCALTIME2(S.START_TIME, #{UNLOCODE}), '%Y-%m-%d %H:%i:%s') AS START_DATE_TIME,
				   DATE_FORMAT(CONVERT_LOCALTIME2(S.END_TIME, #{UNLOCODE}), '%Y-%m-%d %H:%i:%s') AS END_DATE_TIME,
				   DATE_FORMAT(CONVERT_LOCALTIME2(S.END_TIME, #{UNLOCODE}), '%Y%m%d') AS END_DATE,
				   DATE_FORMAT(CONVERT_LOCALTIME2(S.END_TIME, #{UNLOCODE}), '%H%i') AS END_TIME,
				    S.OPEN_YN,
				   S.USE_YN,
				   S.INPUT_ID,
				   S.CONF_ID,
				   S.DURATION,
				   S.URI,
				   S.PASSCODE,
				   S.COSPACE_ID,
				   S.FAVORITE_YN,
				   S.EX_YN
			FROM SCHEDULE S 
			WHERE  S.USE_YN = 'Y'
			    <if test="SCHEDULE_ID != ''">
			    AND S.SCHEDULE_ID = #{SCHEDULE_ID}
			    </if>
			     <choose>
<!--                     <when test="MEETINGTYPE == ''"> -->
<!-- 				        AND (S.SCHEDULE_ID IN (SELECT P.SCHEDULE_ID FROM PARTICIPANT P WHERE P.INPUT_ID = #{MEMBER_ID}) OR S.INPUT_ID = #{MEMBER_ID}) -->
<!-- 				    </when> -->
				    <when test="MEETINGTYPE == 'my'">
				        AND (S.INPUT_ID = #{MEMBER_ID})
				    </when>
			        <when test="MEETINGTYPE == 'guest'">
				        AND (S.SCHEDULE_ID IN (SELECT P.SCHEDULE_ID FROM PARTICIPANT P WHERE P.EMAIL = #{EMAIL}))
				    </when>
				</choose>
				<![CDATA[
		    	  AND (
		    	  ( S.START_TIME >= CONVERT_GLOBALTIME2(#{START_DATE_TIME}, #{UNLOCODE})
				  AND S.START_TIME < CONVERT_GLOBALTIME2(#{END_DATE_TIME},#{UNLOCODE}))
				  OR (S.END_TIME > CONVERT_GLOBALTIME2(#{START_DATE_TIME},#{UNLOCODE})
				  AND S.END_TIME <= CONVERT_GLOBALTIME2(#{END_DATE_TIME},#{UNLOCODE})))
		    	]]> 
			) G
			GROUP BY G.SCHEDULE_ID, G.START_TIME, G.END_TIME
			ORDER BY G.START_TIME ASC
		</select>
	    <!-- 자신 일정 가져오기 2012.9.13 -->
        <select id="MY_SCHEDULE_SELECT_CNT" parameterType="java.util.HashMap" resultType="java.util.HashMap">
			
				SELECT COUNT(S.SCHEDULE_ID) AS CNT
				  FROM SCHEDULE S 
			WHERE  S.USE_YN = 'Y'

			    <if test="SCHEDULE_ID != ''">
			    AND S.SCHEDULE_ID = #{SCHEDULE_ID}
			    </if>
			   
			     <choose>
                    <when test="MEETINGTYPE == ''">
				        AND (S.SCHEDULE_ID IN (SELECT P.SCHEDULE_ID FROM PARTICIPANT P WHERE P.EMAIL = #{EMAIL}) OR S.SCHEDULER_EMAIL = #{EMAIL})
				    </when>
				    <when test="MEETINGTYPE == 'my'">
				        AND (S.SCHEDULER_EMAIL = #{EMAIL})
				    </when>
			        <when test="MEETINGTYPE == 'guest'">
				        AND (S.SCHEDULE_ID IN (SELECT P.SCHEDULE_ID FROM PARTICIPANT P WHERE P.EMAIL = #{EMAIL}))
				    </when>
				</choose>

				<![CDATA[
		    	  AND (
		    	  (S.START_TIME >= CONVERT_GLOBALTIME2(#{START_DATE_TIME}, #{UNLOCODE})
				  AND S.START_TIME < CONVERT_GLOBALTIME2(#{END_DATE_TIME},#{UNLOCODE}))
				  OR (S.END_TIME > CONVERT_GLOBALTIME2(#{START_DATE_TIME},#{UNLOCODE})
				  AND S.END_TIME <= CONVERT_GLOBALTIME2(#{END_DATE_TIME},#{UNLOCODE})))
		    	]]> 
			
			
		</select>	
		
		 <select id="MY_SCHEDULE_FAVORITE_CNT" parameterType="java.util.HashMap" resultType="java.util.HashMap">
			
				SELECT COUNT(S.SCHEDULE_ID) AS CNT
				  FROM SCHEDULE S 
			WHERE  S.USE_YN = 'Y'
 	               AND  S.SCHEDULER_EMAIL = #{EMAIL}
 	               AND S.FAVORITE_YN = 'Y'
			
		</select>	
		
		
	
	<!-- Jabber / Lync 가져오기 2012.9.5 사용안함 -->
	<select id="JABBER_N_LYNC_MEETING_SELECT" parameterType="java.util.HashMap" resultType="java.util.HashMap">
		SELECT S.SCHEDULE_ID,
				   S.SCHEDULE_TYPE,
				   S.TITLE,
				   S.CONTENTS,
				   DATE_FORMAT(CONVERT_LOCALTIME2(S.START_TIME, #{UNLOCODE}), '%Y%m%d') AS START_DATE,
				   DATE_FORMAT(CONVERT_LOCALTIME2(S.START_TIME, #{UNLOCODE}), '%H%i') AS START_TIME,
				   DATE_FORMAT(CONVERT_LOCALTIME2(S.END_TIME, #{UNLOCODE}), '%Y%m%d') AS END_DATE,
				   DATE_FORMAT(CONVERT_LOCALTIME2(S.END_TIME, #{UNLOCODE}), '%H%i') AS END_TIME,
				   S.OPEN_YN,
				   S.USE_YN,
				   S.INPUT_ID,
				   (SELECT M.MEMBER_NM FROM MEMBER M WHERE M.MEMBER_ID = S.INPUT_ID) AS INPUT_NM,
<!-- 				   (SELECT M.DISPLAYNAME FROM MEMBER M WHERE M.MEMBER_ID = S.INPUT_ID) AS INPUT_NM, -->
				   S.CONF_ID,
<!-- 				   S.ACCESS_NUM, -->
				   S.CAPACITY_ALLOCATED,
				   S.BRIDGE_TYPE
				   , CASE WHEN (NOW() + INTERVAL '-0 1' DAY_HOUR) &lt; S.INPUT_DT THEN 'NEW' ELSE 'OLD' END AS NEW_TYPE
			FROM SCHEDULE S, RES_ENDPOINTS RE
			WHERE S.SCHEDULE_ID = RE.SCHEDULE_ID
				AND RE.ENDPOINT_TYPE IN ('CD0303', 'CD0304')
			    AND S.USE_YN = 'Y'
				<![CDATA[
		    	  AND ((S.START_TIME >= #{START_DATE_TIME} 
					  AND S.START_TIME < #{END_DATE_TIME})
					  OR (S.END_TIME > #{START_DATE_TIME}
					  AND S.END_TIME <= #{END_DATE_TIME})
					)
		    	]]> 
	</select>
	
    <!-- 예약 TP룸 가져오기(일정 가져올때 사용) -->
	<select id="RES_ENDPOINTS_SELECT" parameterType="java.util.HashMap" resultType="java.util.HashMap">
		SELECT RE.RES_ENDPOINT_ID,
			   RE.SCHEDULE_ID,
			   RE.RES_KEY,
			   (SELECT CASE WHEN COUNT(*) > 1 THEN 'MORE' ELSE 'ONE' END
			    FROM RES_ENDPOINTS RES
			    WHERE RES.SCHEDULE_ID = RE.SCHEDULE_ID
	      	    AND RES.RES_KEY = RE.RES_KEY) AS COUNT_TYPE,
			    IFNULL(E.DISPLAY_NM,'resource') AS RES_NM,
			   E.COLOR,
<!-- 			   E.CTM_ID, -->
			   E.DIR_NUM,
			   E.PROTOCOL,
			   IFNULL(E.REG_CD,'') AS REG_CD,
			   RE.ENDPOINT_TYPE,
			   RE.RESOURCE_ENDPOINTS
<!-- 			   CASE WHEN RE.ENDPOINT_TYPE = 'CD0302' THEN 1 ELSE 99 END AS ORDER_NUM -->
		FROM SCHEDULE S, RES_ENDPOINTS RE LEFT OUTER JOIN ENDPOINTS E ON RE.RES_KEY = E.ENDPOINT_KEY
		WHERE RE.SCHEDULE_ID = S.SCHEDULE_ID
			AND S.USE_YN = 'Y'
		    AND S.SCHEDULE_TYPE IN ('CD0201','CD0203')
			<![CDATA[
			  AND ((S.START_TIME >= #{START_DATE_TIME} 
					  AND S.START_TIME < #{END_DATE_TIME})
					  OR (S.END_TIME > #{START_DATE_TIME}
					  AND S.END_TIME <= #{END_DATE_TIME}))
			 ]]>
			 <if test="RES_ID == ''">
			    	AND E.ENDPOINT_KEY IN ('')
			    </if>
			   <if test="RES_ID != ''">
			    	AND E.ENDPOINT_KEY IN (${RES_ID})
			   </if>
		GROUP BY RE.SCHEDULE_ID, RE.RES_ENDPOINT_ID ORDER BY RE.SCHEDULE_ID, RE.ENDPOINT_TYPE, E.DISPLAY_NM ASC
			

	      
	</select>
	
	<!-- 자신이 주최, 참여한 예약 TP룸 가져오기(일정 가져올때 사용) -->
	<select id="MY_RES_ENDPOINTS_SELECT" parameterType="java.util.HashMap" resultType="java.util.HashMap">
		SELECT RE.RES_ENDPOINT_ID,
			   RE.SCHEDULE_ID,
			   RE.RES_KEY,
			   (SELECT CASE WHEN COUNT(*) > 1 THEN 'MORE' ELSE 'ONE' END
			    FROM RES_ENDPOINTS RES
			    WHERE RES.SCHEDULE_ID = RE.SCHEDULE_ID
	      	    AND RES.RES_KEY = RE.RES_KEY) AS COUNT_TYPE,
			    IFNULL(E.DISPLAY_NM,'resource') AS RES_NM,
			   E.COLOR,
<!-- 			   E.CTM_ID, -->
			   RE.ENDPOINT_TYPE,
			   E.DIR_NUM,
			   E.PROTOCOL,
			   RE.RESOURCE_ENDPOINTS
<!-- 			   CASE WHEN RE.ENDPOINT_TYPE = 'CD0302' THEN 1 ELSE 99 END AS ORDER_NUM  -->
		FROM SCHEDULE S, RES_ENDPOINTS RE LEFT OUTER JOIN ENDPOINTS E ON RE.RES_KEY = E.ENDPOINT_KEY
		WHERE RE.SCHEDULE_ID = S.SCHEDULE_ID
			AND S.USE_YN = 'Y'
			AND (S.SCHEDULE_ID IN (SELECT P.SCHEDULE_ID FROM PARTICIPANT P WHERE P.EMAIL = #{EMAIL}) OR S.SCHEDULER_EMAIL = #{EMAIL})
			<![CDATA[
			  AND ((S.START_TIME >= #{START_DATE_TIME} 
					  AND S.START_TIME < #{END_DATE_TIME})
					  OR (S.END_TIME > #{START_DATE_TIME}
					  AND S.END_TIME <= #{END_DATE_TIME}))
			 ]]>
		GROUP BY RE.SCHEDULE_ID, RE.RES_ENDPOINT_ID ORDER BY RE.SCHEDULE_ID, RE.ENDPOINT_TYPE, E.DISPLAY_NM ASC
			

	
	</select>
	
	
	<!-- 자신이 주최, 참여한 예약 TP룸 가져오기(일정 가져올때 사용) -->
	<select id="MY_RES_RESOURCE_ENDPOINTS_SELECT" parameterType="java.util.HashMap" resultType="java.util.HashMap">
		SELECT RE.RES_ENDPOINT_ID,
			   RE.SCHEDULE_ID,
			   RE.RES_KEY,
			   (SELECT CASE WHEN COUNT(*) > 1 THEN 'MORE' ELSE 'ONE' END
			    FROM RES_ENDPOINTS RES
			    WHERE RES.SCHEDULE_ID = RE.SCHEDULE_ID
	      	    AND RES.RES_KEY = RE.RES_KEY) AS COUNT_TYPE,
			    IFNULL(E.DISPLAY_NM,'resource') AS RES_NM,
			   E.COLOR,
<!-- 			   E.CTM_ID, -->
			   RE.ENDPOINT_TYPE,
			   E.DIR_NUM,
			   E.PROTOCOL,
			   IFNULL(E.REG_CD,'') AS REG_CD,
			   RE.RESOURCE_ENDPOINTS
<!-- 			   CASE WHEN RE.ENDPOINT_TYPE = 'CD0302' THEN 1 ELSE 99 END AS ORDER_NUM  -->
		FROM SCHEDULE S, RES_ENDPOINTS RE LEFT OUTER JOIN ENDPOINTS E ON RE.RES_KEY = E.ENDPOINT_KEY
		WHERE RE.SCHEDULE_ID = S.SCHEDULE_ID
			AND S.USE_YN = 'Y'
			 AND S.SCHEDULE_TYPE = 'CD0202'
			AND (S.SCHEDULE_ID IN (SELECT P.SCHEDULE_ID FROM PARTICIPANT P WHERE P.EMAIL = #{EMAIL}) OR S.SCHEDULER_EMAIL = #{EMAIL})
			<![CDATA[
			  AND ((S.START_TIME >= #{START_DATE_TIME} 
					  AND S.START_TIME < #{END_DATE_TIME})
					  OR (S.END_TIME > #{START_DATE_TIME}
					  AND S.END_TIME <= #{END_DATE_TIME}))
			 ]]>
		GROUP BY RE.SCHEDULE_ID, RE.RES_ENDPOINT_ID ORDER BY RE.SCHEDULE_ID, RE.ENDPOINT_TYPE, E.DISPLAY_NM ASC
			

	
	</select>
	
	<!-- 참석자 가져오기(일정 가져올때 사용) -->
    <select id="PARTICIPANT_SELECT" parameterType="java.util.HashMap" resultType="java.util.HashMap">
    	SELECT S.SCHEDULE_ID,
    		   P.RES_ENDPOINT_ID,
			   P.RES_KEY,
			   P.MEMBER_ID,
			   P.MEMBER_NM,
			   P.EMAIL
		FROM SCHEDULE S, RES_ENDPOINTS RE, PARTICIPANT P
		WHERE S.SCHEDULE_ID = RE.SCHEDULE_ID
			AND P.SCHEDULE_ID = RE.SCHEDULE_ID
			AND RE.RES_ENDPOINT_ID = P.RES_ENDPOINT_ID
			AND S.USE_YN = 'Y'
		    AND S.SCHEDULE_TYPE IN ('CD0201','CD0203')
		  <![CDATA[
		  AND ((S.START_TIME >= #{START_DATE_TIME} 
				  AND S.START_TIME < #{END_DATE_TIME})
				  OR (S.END_TIME > #{START_DATE_TIME}
				  AND S.END_TIME <= #{END_DATE_TIME}))
		  ]]>
		
		ORDER BY S.SCHEDULE_ID
		 <if test="NPAGE != null"> 
			 limit #{NAPGE},#{NPAGESIZE}
			 </if>
    </select>
    
    <!-- 자신이 추최, 참여한 일정의 참석자 가져오기(일정 가져올때 사용) -->
    <select id="MY_PARTICIPANT_SELECT" parameterType="java.util.HashMap" resultType="java.util.HashMap">
    	SELECT S.SCHEDULE_ID,
			   P.MEMBER_ID,
			   P.MEMBER_NM,
			   P.EMAIL
		FROM SCHEDULE S LEFT OUTER JOIN PARTICIPANT P ON S.SCHEDULE_ID = P.SCHEDULE_ID
		WHERE S.USE_YN = 'Y'
		  <if test="SCHEDULE_ID != ''">
			    AND S.SCHEDULE_ID = #{SCHEDULE_ID}
		  </if>
			AND (P.EMAIL = #{EMAIL} OR S.SCHEDULER_EMAIL = #{EMAIL})
		  <![CDATA[
		   AND (
		    	  (S.START_TIME >= CONVERT_GLOBALTIME2(#{START_DATE_TIME}, #{UNLOCODE})
				  AND S.START_TIME < CONVERT_GLOBALTIME2(#{END_DATE_TIME},#{UNLOCODE}))
				  OR (S.END_TIME > CONVERT_GLOBALTIME2(#{START_DATE_TIME},#{UNLOCODE})
				  AND S.END_TIME <= CONVERT_GLOBALTIME2(#{END_DATE_TIME},#{UNLOCODE}))
			   )
		  ]]>
		ORDER BY S.SCHEDULE_ID
    </select>
    
    
    <!-- 자신이 추최, 참여한 일정의 참석자 가져오기(일정 가져올때 사용) -->
    <select id="MY_PARTICIPANT_RESOURCE_SELECT" parameterType="java.util.HashMap" resultType="java.util.HashMap">
    	SELECT S.SCHEDULE_ID,
			   P.MEMBER_ID,
			   P.MEMBER_NM,
			   P.EMAIL
		FROM SCHEDULE S LEFT OUTER JOIN PARTICIPANT P ON S.SCHEDULE_ID = P.SCHEDULE_ID
		WHERE S.USE_YN = 'Y'
		  AND S.SCHEDULE_TYPE = 'CD0202'
		  <if test="SCHEDULE_ID != ''">
			    AND S.SCHEDULE_ID = #{SCHEDULE_ID}
		  </if>
			AND (P.EMAIL = #{EMAIL} OR S.SCHEDULER_EMAIL = #{EMAIL})
		  <![CDATA[
		   AND (
		    	  (S.START_TIME >= CONVERT_GLOBALTIME2(#{START_DATE_TIME}, #{UNLOCODE})
				  AND S.START_TIME < CONVERT_GLOBALTIME2(#{END_DATE_TIME},#{UNLOCODE}))
				  OR (S.END_TIME > CONVERT_GLOBALTIME2(#{START_DATE_TIME},#{UNLOCODE})
				  AND S.END_TIME <= CONVERT_GLOBALTIME2(#{END_DATE_TIME},#{UNLOCODE}))
			   )
		  ]]>
		ORDER BY S.SCHEDULE_ID
    </select>
    
       <!-- 자신 일정 가져오기 2012.9.13 -->
        <select id="MY_SCHEDULE_ID_SELECT" parameterType="java.util.HashMap" resultType="java.util.HashMap">
			SELECT S.SCHEDULE_ID, 
			       S.SCHEDULE_ID AS id,
				   (SELECT CONCAT(M.MEMBER_NM, '(', IFNULL(M.MEMBER_NM_EN,''), ')', ' /' , IFNULL(M.DEPT_NM,'')) FROM MEMBER M WHERE M.MEMBER_ID = S.INPUT_ID) AS INPUT_NM,
				   S.SCHEDULE_TYPE,
				   S.TITLE,
				   S.CONTENTS,
				   S.CONTENTS as description,
				   CASE WHEN S.SCHEDULE_TYPE = 'CD0201' THEN '#009944' else '#006CB9' END as 'textColor',
				   CASE WHEN S.SCHEDULE_TYPE = 'CD0201' THEN '#E9F7DF' else '#DDEAF8' END as 'backgroundColor',  
				   DATE_FORMAT(CONVERT_LOCALTIME2(S.START_TIME, #{UNLOCODE}), '%Y%m%d') AS START_DATE,
				   DATE_FORMAT(CONVERT_LOCALTIME2(S.START_TIME, #{UNLOCODE}), '%H%i') AS START_TIME,
				   DATE_FORMAT(CONVERT_LOCALTIME2(S.START_TIME, #{UNLOCODE}), '%Y-%m-%d %H:%i:%s') AS START_DATE_TIME,
				   DATE_FORMAT(CONVERT_LOCALTIME2(S.END_TIME, #{UNLOCODE}), '%Y-%m-%d %H:%i:%s') AS END_DATE_TIME,
				   DATE_FORMAT(CONVERT_LOCALTIME2(S.END_TIME, #{UNLOCODE}), '%Y%m%d') AS END_DATE,
				   DATE_FORMAT(CONVERT_LOCALTIME2(S.END_TIME, #{UNLOCODE}), '%H%i') AS END_TIME,
				    S.OPEN_YN,
				   S.USE_YN,
				   S.INPUT_ID,
				   S.CONF_ID,
				   S.DURATION,
				   S.URI,
				   S.PASSCODE,
				   S.COSPACE_ID,
				   S.FAVORITE_YN,
				   S.EX_YN,
				   S.RECORDING_YN,
				   S.HOST_KEY,
				   S.MEETING_KEY
			FROM SCHEDULE S 
			WHERE  S.USE_YN = 'Y'
			    AND S.SCHEDULE_ID = #{SCHEDULE_ID}
		
		</select>
		
		<select id="MY_RES_ENDPOINTS_ID_SELECT" parameterType="java.util.HashMap" resultType="java.util.HashMap">
		SELECT RE.RES_ENDPOINT_ID,
			   RE.SCHEDULE_ID,
			   RE.RES_KEY,
			   (SELECT CASE WHEN COUNT(*) > 1 THEN 'MORE' ELSE 'ONE' END
			    FROM RES_ENDPOINTS RES
			    WHERE RES.SCHEDULE_ID = RE.SCHEDULE_ID
	      	    AND RES.RES_KEY = RE.RES_KEY) AS COUNT_TYPE,
			   IFNULL(E.DISPLAY_NM,'') AS RES_NM,
			   E.COLOR,
			   RE.ENDPOINT_TYPE,
			   E.DIR_NUM,
			   E.PROTOCOL,
			   ifnull(E.ARENA_YN, 'N') AS ARENA_YN,
			   RE.RESOURCE_ENDPOINTS
		FROM SCHEDULE S, RES_ENDPOINTS RE LEFT OUTER JOIN ENDPOINTS E ON RE.RES_KEY = E.ENDPOINT_KEY
		WHERE RE.SCHEDULE_ID = S.SCHEDULE_ID
		AND S.USE_YN = 'Y'
		AND  S.SCHEDULE_ID = #{SCHEDULE_ID}
		GROUP BY RE.SCHEDULE_ID, RE.RES_ENDPOINT_ID ORDER BY RE.SCHEDULE_ID, RE.ENDPOINT_TYPE, E.DISPLAY_NM ASC
	
	</select>
		
		<select id="MY_PARTICIPANT_ID_SELECT" parameterType="java.util.HashMap" resultType="java.util.HashMap">
    	SELECT S.SCHEDULE_ID,
			   IFNULL(P.MEMBER_ID,'') AS MEMBER_ID,
			   P.MEMBER_NM,
			   P.EMAIL
		FROM SCHEDULE S , PARTICIPANT P 
		WHERE S.SCHEDULE_ID = P.SCHEDULE_ID
		AND S.USE_YN = 'Y'
			    AND S.SCHEDULE_ID = #{SCHEDULE_ID}
    </select>
    

        <!-- 예약일정 수정(이동) -->
        <update id="MOVE_SCHEDULE_UPDATE" parameterType="java.util.HashMap">
                UPDATE SCHEDULE S
                SET S.START_TIME = #{START_TIME},
                    S.END_TIME = #{END_TIME},
                    S.DURATION = #{DURATION},
                    S.UPDT_DT = NOW(),
                    S.UPDT_ID = #{UPDT_ID},
                    S.UPDT_IP = #{UPDT_IP}
                    <if test="DELSPACE != null">
					 	, COSPACE_ID = null
					 	, ACTIVE = 'N'
					 	, END_YN = 'N'
					 </if>
					 <if test="URI != null">
					 	, URI = #{URI}
					 	, CALL_ID = #{URI}
					 </if>	
					 <if test="SECRET != null">
					 	, SECRET = #{SECRET}
					 </if>
					 <if test="WEB_BRIDGE_URI != null">
					 	, WEB_BRIDGE_URI = #{WEB_BRIDGE_URI}
					 </if>	
                WHERE S.SCHEDULE_ID = #{SCHEDULE_ID}
        </update>

        <!-- 예약일정 수정(상세)  -->
        <update id="DETAIL_SCHEDULE_UPDATE" parameterType="java.util.HashMap">
                UPDATE SCHEDULE S
                SET  TITLE = #{TITLE}
					 , CONTENTS = #{CONTENTS}
					 , START_TIME = #{START_TIME}
					 , END_TIME = #{END_TIME}
					 , DURATION = #{DURATION}
					 , BRIDGE_TYPE = #{BRIDGE_TYPE}
					 , SCHEDULER_EMAIL = #{SCHEDULER_EMAIL}
					 , SCHEDULER_NM = #{SCHEDULER_NM}
					 , OPEN_YN = #{OPEN_YN}
					 , UPDT_DT = NOW()
					 , UPDT_ID = #{UPDT_ID}
					 , UPDT_IP = #{UPDT_IP}
					 , RECORDING_YN = #{RECORDING_YN}
					 , PASSCODE = #{PASSCODE}
					 , MEETING_PW = #{PASSCODE}
					 , INVITE_URL = #{INVITE_URL} 
					 , HOST_KEY = #{HOST_KEY} 
					 <if test="DELSPACE != null">
					 	, COSPACE_ID = null
					 	, ACTIVE = 'N'
					 	, END_YN = 'N'
					 </if>
					 <if test="WEBEX_SEQ != null">
					 	, WEBEX_SEQ = #{WEBEX_SEQ}
					 </if>	
					 <if test="WEBEX_ID != null">
					 	, WEBEX_ID = #{WEBEX_ID}
					 </if>	
                WHERE S.SCHEDULE_ID = #{SCHEDULE_ID}
        </update>
       

        <!-- 예약일정 삭제 2012.3.14 -->
        <update id="REMOVE_SCHEDULE_UPDATE" parameterType="java.util.HashMap">
                UPDATE SCHEDULE S
                SET S.USE_YN = 'N',
                    S.UPDT_DT = NOW(),
                    S.UPDT_ID = #{UPDT_ID},
                    S.UPDT_IP = #{UPDT_IP}
                WHERE S.SCHEDULE_ID = #{SCHEDULE_ID}
        </update>

        <!-- 참석자 수정 시 참석자 삭제 -->
        <delete id="PARTICIPANT_DELETE" parameterType="java.util.HashMap">
                DELETE
                FROM PARTICIPANT
                WHERE SCHEDULE_ID = #{SCHEDULE_ID}
        </delete>

        <!-- 옮겨지는 날짜에 일정이 중복되는지 체크 2012.5.8 -->
	<select id="CHECK_DUPLICATE_SELECT" parameterType="java.util.HashMap" resultType="java.util.HashMap">
		
		SELECT COUNT(*) AS CNT
		FROM SCHEDULE S, RES_ENDPOINTS RE
		WHERE  RE.SCHEDULE_ID = S.SCHEDULE_ID
		
		<![CDATA[
		
		 AND RE.RES_KEY IN (${RES_KEYS})
		 AND
		(
		(DATE_FORMAT(CONVERT_LOCALTIME2(S.START_TIME, #{UNLOCODE}),'%Y%m%d%H%i%s') >= #{START_DATE_TIME}        
         AND DATE_FORMAT(CONVERT_LOCALTIME2(S.START_TIME, #{UNLOCODE}),'%Y%m%d%H%i%s') < #{END_DATE_TIME})        
         OR 
         (DATE_FORMAT(CONVERT_LOCALTIME2(S.END_TIME, #{UNLOCODE}),'%Y%m%d%H%i%s') > #{START_DATE_TIME}        
         AND DATE_FORMAT(CONVERT_LOCALTIME2(S.END_TIME, #{UNLOCODE}),'%Y%m%d%H%i%s') <= #{END_DATE_TIME})    
         OR 
         (DATE_FORMAT(CONVERT_LOCALTIME2(S.START_TIME, #{UNLOCODE}),'%Y%m%d%H%i%s') < #{START_DATE_TIME}         
         AND DATE_FORMAT(CONVERT_LOCALTIME2(S.END_TIME, #{UNLOCODE}),'%Y%m%d%H%i%s') > #{END_DATE_TIME})    
        )
		]]>
		  	   AND S.USE_YN = 'Y'
		 <if test="SCHEDULE_ID != null"> 	   
		  	   AND  S.SCHEDULE_ID != #{SCHEDULE_ID}
		</if> 
	</select>
	
	<select id="CHECK_DUPLICATE_SELECT2" parameterType="java.util.HashMap" resultType="java.util.HashMap">
		
		SELECT COUNT(*) AS CNT
		FROM SCHEDULE S, RES_ENDPOINTS RE
		WHERE  RE.SCHEDULE_ID = S.SCHEDULE_ID
		
		<![CDATA[
		
		 AND RE.RES_KEY IN (${RES_KEYS})
		 AND
		((DATE_FORMAT(CONVERT_LOCALTIME2(S.START_TIME, #{UNLOCODE}),'%Y%m%d%H%i%s') >= #{START_DATE_TIME}        
         AND DATE_FORMAT(CONVERT_LOCALTIME2(S.START_TIME, #{UNLOCODE}),'%Y%m%d%H%i%s') < #{END_DATE_TIME})        
         OR 
         (DATE_FORMAT(CONVERT_LOCALTIME2(S.END_TIME, #{UNLOCODE}),'%Y%m%d%H%i%s') > #{START_DATE_TIME}        
         AND DATE_FORMAT(CONVERT_LOCALTIME2(S.END_TIME, #{UNLOCODE}),'%Y%m%d%H%i%s') <= #{END_DATE_TIME})    
         OR 
         (DATE_FORMAT(CONVERT_LOCALTIME2(S.START_TIME, #{UNLOCODE}),'%Y%m%d%H%i%s') < #{START_DATE_TIME}         
         AND DATE_FORMAT(CONVERT_LOCALTIME2(S.END_TIME, #{UNLOCODE}),'%Y%m%d%H%i%s') > #{END_DATE_TIME})    
        )
		]]>
		  	   AND S.USE_YN = 'Y'
		 <if test="SCHEDULE_ID != null"> 	   
		  	   AND  S.SCHEDULE_ID != #{SCHEDULE_ID}
		</if> 
	</select>
	
	
	<select id="GET_ENDPOINTS_SELECT" parameterType="java.util.HashMap" resultType="java.util.HashMap">
		
		SELECT ENDPOINT_KEY,DISPLAY_NM,REG_CD 
		FROM ENDPOINTS
		WHERE  USE_YN = 'Y'
		AND ACTIVE_YN = 'Y'
		
		<![CDATA[
		
		 AND REG_CD IN (${REG_CDS})
		
		]]>
		 
	</select>
	
	<select id="SELECT_ENDPOINS" parameterType="java.util.HashMap" resultType="java.util.HashMap">
	   	SELECT 
	   	       ENDPOINT_KEY  as id,
	   	       DISPLAY_NM as text
	   	      
		FROM ENDPOINTS
		WHERE USE_YN = 'Y'
	</select>
	
	<select id="TIMEZONE_SELECT" parameterType="java.util.HashMap" resultType="java.util.HashMap">
		SELECT TZ.UNLOCODE,
			   TZ.CONTINENT,
			   TZ.CITY,
			   GET_OFFSET(NOW(), TZ.UNLOCODE) AS GMT_OFFSET
		FROM TIME_ZONES TZ
		WHERE TZ.CONTINENT = #{CONTINENT}
		ORDER BY TZ.CONTINENT_ORDER ASC, TZ.CONTINENT ASC, TZ.CITY ASC
	</select>   
	
	<select id="CONTINENT_SELECT" parameterType="java.util.HashMap" resultType="java.util.HashMap">
		SELECT TZ.CONTINENT
		FROM TIME_ZONES TZ
		GROUP BY TZ.CONTINENT
		ORDER BY TZ.CONTINENT_ORDER ASC, TZ.CONTINENT ASC
	</select>    
     
   
        
        <!-- 부서 가져오기 2012.2.24 -->
        <select id="DEPARTMENT_SELECT" parameterType="java.util.HashMap" resultType="java.util.HashMap">
                SELECT DEPT_NM
                     , DEPT_CD
                     , PAR_CD
                     , LEVEL
                FROM DEPARTMENT
                WHERE ORG_KEY = #{ORG_KEY}
        </select>

	   <select id="ID_CHK" parameterType="java.util.HashMap" resultType="java.util.HashMap">
	           SELECT * FROM MEMBER WHERE  EMAIL = #{EMAIL}
	   </select>
	
	   <select id="MEMBER_MAX_SELECT" parameterType="java.util.HashMap" resultType="java.util.HashMap">
	       SELECT  LPAD(IFNULL(MAX(MEMBER_ID),'0')+1,8,'0') AS MEMBER_ID
	       FROM MEMBER
	   </select>

      
		
		<!-- 사용자 정보 업데이트 2012.3.6 -->
        <update id="MEMBER_UPDATE" parameterType="java.util.HashMap">
                UPDATE MEMBER
                <set>
                        <if test="MOBILE != null">
                                MOBILE = #{MOBILE},
                        </if>
                        <if test="PHONE != null">
                                PHONE = #{PHONE},
                        </if>
                        <if test="DEPT_CD != null">
                                DEPT_CD = #{DEPT_CD},
                        </if>
                        <if test="MEMBER_NM != null">
                                MEMBER_NM = #{MEMBER_NM},
                        </if>
                        <if test="UNLOCODE != null">
                                UNLOCODE = #{UNLOCODE},
                        </if>
                        <if test="MEMBER_PW != null">
                                MEMBER_PW = #{MEMBER_PW}
                        </if>
                        
                </set>
                WHERE MEMBER_ID = #{MEMBER_ID}
        </update>
        
      <update id="MEMBER_TIMEZONE_UPDATE" parameterType="java.util.HashMap">
                INSERT INTO MEMBER_TIMEZONE (MEMBER_ID, UNLOCODE) VALUES (#{MEMBER_ID}, #{UNLOCODE})
				ON DUPLICATE KEY UPDATE MEMBER_ID = #{MEMBER_ID}, UNLOCODE = #{UNLOCODE}
        </update>
        
        
        <delete id="MEMBER_DELETE" parameterType="java.util.HashMap">
                DELETE FROM MEMBER
                WHERE MEMBER_ID = #{MEMBER_ID}
        </delete>

        <select id="DEPARTMENT_MAX_SELECT" parameterType="java.util.HashMap" resultType="java.util.HashMap">
       SELECT  LPAD(IFNULL(MAX(DEPT_CD),'0')+1,14,'0') AS DEPT_CD
       FROM DEPARTMENT
   </select>


        <update id="DEPARTMENT_UPDATE" parameterType="java.util.HashMap">
                UPDATE DEPARTMENT
                SET DEPT_NM = #{DEPT_NM}
                WHERE DEPT_CD = #{DEPT_CD}
        </update>

        <delete id="DEPARTMENT_DELET" parameterType="java.util.HashMap">
                DELETE
                FROM DEPARTMENT
                WHERE DEPT_CD = #{DEPT_CD}
        </delete>
		
		<!-- CTX정보 가져오기 2012.5. 4 -->
        <select id="ENVIRONMENT_SELECT" parameterType="java.util.HashMap" resultType="java.util.HashMap">
	        SELECT  E.SYSTEM_IP
	             ,  E.SYSTEM_ID
	             ,  E.SYSTEM_PW
	        FROM  ENVIRONMENT E
        </select>
       

   
  
        <select id="SELECT_YEAR" parameterType="java.util.HashMap" resultType="java.util.HashMap">
     SELECT DISTINCT
             DATE_FORMAT(START_TIME,'%Y') SYEAR
       FROM  SCHEDULE A
      ORDER  BY SYEAR DESC
        </select>
       <select id="SELECT_MONTH" parameterType="java.util.HashMap" resultType="java.util.HashMap">
		     SELECT  MAX(DATE_FORMAT(START_TIME,'%m')) SMONTH
		       FROM  SCHEDULE A
        </select>
  
    
        <!-- MAIL SETTING 불러오기 -->
        <select id="EMAIL_SELECT" parameterType="java.util.HashMap" resultType="java.util.HashMap">
               SELECT  HOST_NM, ORG_KEY
                     ,  PORTS
                     ,  STARTTLS
                     ,  AUTHEN
                     ,  USER_ID
                     ,  USER_PW
                     ,  USE_YN
               FROM  E_MAIL
              
        </select>
    <!-- 일정상세 수정 시 기존 참석자 정보 -->
    <select id="OLD_ATTENDEE_SELECT" parameterType="java.util.HashMap" resultType="java.util.HashMap">
    	SELECT P.RES_ENDPOINT_ID
			 , P.MEMBER_NM
			 , P.EMAIL
			 , P.MEMBER_ID
			 , P.RES_KEY
			 , IFNULL(M.DEPT_NM,'') AS DEPT_NM
			 , CONCAT(P.MEMBER_ID,'@hankooktire.onmicrosoft.com') AS EMAIL2
<!-- 		 	 , 'adkj007@naver.com' AS EMAIL2 -->
		FROM PARTICIPANT P LEFT OUTER JOIN  MEMBER M ON P.MEMBER_ID = M.MEMBER_ID
		WHERE P.SCHEDULE_ID = #{SCHEDULE_ID}	
    </select>
    
    <select id="OLD_ATTENDEE_SELECT_bak" parameterType="java.util.HashMap" resultType="java.util.HashMap">
    	SELECT P.RES_KEY,
    		   P.MEMBER_ID,
    		   P.MEMBER_NM,
<!--     		   P.DISPLAY_NM AS MEMBER_NM, -->
    		   P.EMAIL,
    		   P.TRACKING_CD,
    		   P.RES_ENDPOINT_ID,
    		   E.DISPLAY_NM AS NAME,
    		   E.ENDPOINT_TYPE
    	FROM PARTICIPANT P, ENDPOINTS E
    	WHERE P.RES_KEY = E.ENDPOINT_KEY
    	AND P.SCHEDULE_ID = #{SCHEDULE_ID}
    </select>
    
    <!-- 일정상세 수정 시 기존 참석자 정보 -->
    <select id="OLD_ATTENDEE_DEVICE_SELECT" parameterType="java.util.HashMap" resultType="java.util.HashMap">
    	SELECT P.RES_KEY,
    		   P.MEMBER_ID,
<!--     		   P.DISPLAY_NM AS MEMBER_NM, -->
    		   P.MEMBER_NM,
    		   P.EMAIL,
    		   P.TRACKING_CD,
    		   P.RES_ENDPOINT_ID,
    		   E.DISPLAY_NM AS NAME,
    		   E.ENDPOINT_TYPE,
    		   N.DEVICE_ID,
    		   N.DEVICE_TYPE
    	FROM PARTICIPANT P, ENDPOINTS E, NOTIFICATION N
    	WHERE P.RES_KEY = E.ENDPOINT_KEY
    	AND P.MEMBER_ID = N.MEMBER_ID
    	AND P.SCHEDULE_ID = #{SCHEDULE_ID}
    </select>
    
    <select id="PARTICIPANT_MAIL_SELECT" parameterType="java.util.HashMap" resultType="java.util.HashMap">
    	SELECT RT.SCHEDULE_ID
		       , RT.TP_ID
		       , (SELECT TR.TP_NAME FROM TP_ROOM TR WHERE TR.TP_ID = RT.TP_ID) AS TP_NAME
		       , P.EMAIL
		       , P.NAME
		       , CASE WHEN P.MEMBER_ID IS NULL THEN 'NO_MEMBER_ID' ELSE P.MEMBER_ID END AS MEMBER_ID 
		       , (SELECT CITY FROM TP_ROOM WHERE TP_ID = RT.TP_ID) AS CITY
		FROM REV_TP_ROOM RT, PARTICIPANT P LEFT OUTER JOIN MEMBER M ON P.MEMBER_ID = M.MEMBER_ID 
		WHERE RT.TP_ID = P.TP_ID
		  AND RT.SCHEDULE_ID = P.SCHEDULE_ID
		  AND RT.SCHEDULE_ID = #{SCHEDULE_ID}
    </select>
    
    <!-- 입력된 라이센스 가져오기 -->
    <select id="LICENSE_SELECT" parameterType="java.util.HashMap" resultType="java.util.HashMap">
    	SELECT @RNUM:=@RNUM+1 AS ROWNUM
			, A.LICENSE_CODE
			, A.CNT
			, A.INSERT_DATE
		FROM (
			SELECT @RNUM:=0
				   , LICENSE_CODE
				   , CNT
				   , DATE_FORMAT(INSERT_DATE, '%Y-%m-%d') AS INSERT_DATE 
			FROM LICENSE
			ORDER BY INSERT_DATE DESC
			) A
    </select>
    
    <!-- 라이센스 입력 -->
    <insert id="LICENSE_INSERT" parameterType="java.util.HashMap" >
    	INSERT INTO LICENSE (LICENSE_CODE
    						 , CNT
    						 , INSERT_DATE
    						 )
    	VALUES (#{LICENSE_CODE}, #{CNT}, NOW())
    </insert>
    
    <!-- 라이센스 체크-->
    <select id="LICENSE_CHECK" parameterType="java.util.HashMap" resultType="java.util.HashMap">
    	SELECT CODE
		FROM  EMETA
		WHERE CODE = '$ORI_LICENSE$'
    </select>
    
    <!-- 라이센스 인증 수 체크 -->
    <select id="CHECK_LICENSE_SELECT" parameterType="java.util.HashMap" resultType="java.util.HashMap">
    	SELECT CASE WHEN SUM(CNT) IS NULL THEN 0 ELSE SUM(CNT) END AS CNT
		FROM LICENSE
    </select>
    
    <!-- 어드민 계정 체크 -->
    <select id="CHECK_ADMIN_SELECT" parameterType="java.util.HashMap" resultType="java.util.HashMap">
    	SELECT COUNT(*) AS CNT
		FROM MEMBER
		WHERE AUTH_CODE = 'CD0101' 
    </select>
  
    
    <!-- 초기 SP관리자계정 생성 -->
    <insert id="NEW_ADMIN_INSERT" parameterType="java.util.HashMap">
    	INSERT INTO MEMBER(MEMBER_ID
    					  , NAME
    					  , EMAIL
    					  , PASSWORD
    					  , AUTH_CODE
    					  )
    	VALUES(#{MEMBER_ID}, 'Administrator', #{EMAIL}, #{PASSWORD},'CD0101')
    </insert>
    
        
	
        
        <!-- 계열사 가져오기 -->
        <select id="ORGANIZATION_SELECT" parameterType="java.util.HashMap" resultType="java.util.HashMap">
		 	SELECT ORG.ORG_KEY AS CODE,
        	       ORG.ORG_NM AS NAME,
        	       '0xcccccc' AS COLOR,
	   			   '99999' AS PARENT_CD,
	   			   'ORG' AS TYPE,
	   			   '0' AS LEVEL,
	   			   '0' AS ENDPOINT_CONT
        	FROM ORGANIZATION ORG
        	WHERE ORG.ORG_KEY = #{ORG_KEY}
        </select>
        
         <select id="ENDPOINT_DEPARTMENT_SEARCH" parameterType="java.util.HashMap" resultType="java.util.HashMap">
                
                SELECT D.DEPT_CD AS CODE 
                	 , D.DEPT_NM AS NAME
                     , CASE D.LEVEL WHEN 1 THEN D.ORG_KEY ELSE D.PAR_CD END AS PARENT_CD
                     , D.LEVEL
                     , D.ORG_KEY
                     , 'DEPT' AS TYPE
                     , D.DEPT_NM AS CBLBL
                     , IFNULL(E.ENDPOINT_CONT,'0') AS ENDPOINT_CONT
                FROM  DEPARTMENT D LEFT OUTER JOIN (                   
							                           SELECT COUNT(E.DEPT_CD) AS ENDPOINT_CONT
							                                , D.DEPT_CD 
							                		     FROM ENDPOINTS E, DEPARTMENT D
							                			WHERE E.DEPT_CD = D.DEPT_CD
							                			  AND E.ORG_KEY = #{ORG_KEY}
							                			  AND E.USE_YN = 'Y'
							                			  AND E.ACTIVE_YN = 'Y'
							                			   <if test="KEY_WORD != null">
													  		AND LOWER(E.DISPLAY_NM) LIKE LOWER('%$KEY_WORD$%')
													  	  </if>
							                            GROUP BY D.DEPT_CD
							                     )E 
							                       ON D.DEPT_CD = E.DEPT_CD
                WHERE D.ORG_KEY = #{ORG_KEY}
                 
                 <if test="DEPARTMENT_KEY_WORD != null">
			  		AND LOWER(D.DEPT_NM) LIKE LOWER('%$DEPARTMENT_KEY_WORD$%')
				</if>
                ORDER BY D.LEVEL, D.DEPT_CD
        </select>
        
        
        
        <!-- 2012.03.04 회의수락여부  수정  -->
        <update id="TRACKING_UPDATE" parameterType="java.util.HashMap">
			        
			UPDATE PARTICIPANT
			   SET TRACKING_CD = #{TRACKING_CD}
			 WHERE SCHEDULE_ID = #{SCHEDULE_ID}
			   AND MEMBER_ID   = #{MEMBER_ID}
        
        </update>
        
		 <!-- 2012.09.13 DashBoardList  -->       
        <select id="SCHEDULELIST_SELECT" parameterType="java.util.HashMap" resultType="java.util.HashMap">
			
		    SELECT  S.SCHEDULE_ID
                  , S.SCHEDULE_TYPE
                  , S.START_DATE                              
                  , S.END_DATE                              
                  , S.START_TIME                              
                  , S.END_TIME
                  , S.TITLE
                  , S.CONTENTS
                  , S.OPEN_YN
                  , S.CONF_ID
                  , S.CONFERENCE_INFO_TEXT
                  , S.SCHEDULE_TIME                   
		          , S.SCHEDULER                              
		          , S.TRACKING_NM
		          , S.TYPE 
		          , S.TIME_TYPE 
			   FROM (       
			            SELECT  
			                    S.SCHEDULE_ID
                              , S.SCHEDULE_TYPE
                              , SUBSTR(DATE_FORMAT(CONVERT_LOCALTIME2(S.START_TIME, }UNLOCODE} ),'%Y%m%d%H%i'),1,8) AS START_DATE
                              , SUBSTR(DATE_FORMAT(CONVERT_LOCALTIME2(S.END_TIME, }UNLOCODE} ),'%Y%m%d%H%i'),1,8) AS END_DATE
                              , SUBSTR(DATE_FORMAT(CONVERT_LOCALTIME2(S.START_TIME, }UNLOCODE} ),'%Y%m%d%H%i'),9,4) AS START_TIME
                              , SUBSTR(DATE_FORMAT(CONVERT_LOCALTIME2(S.END_TIME, }UNLOCODE} ),'%Y%m%d%H%i'),9,4) AS END_TIME
                              , S.TITLE
                              , S.CONTENTS
                              , S.OPEN_YN
                              , S.CONF_ID
                              , S.CONFERENCE_INFO_TEXT
                              , CONCAT(DATE_FORMAT(CONVERT_LOCALTIME2(S.START_TIME, #{UNLOCODE} ),'%Y-%m-%d %H:%i'), ' - ',DATE_FORMAT(CONVERT_LOCALTIME2(S.END_TIME, #{UNLOCODE} ),'%Y-%m-%d %H:%i')) AS SCHEDULE_TIME                   
			                  , (
			                        SELECT  MEMBER_NM
<!-- 			                        SELECT  DISPLAYNAME -->
			                          FROM  MEMBER  
			                         WHERE  EMAIL = S.SCHEDULER_EMAIL
			                    ) AS SCHEDULER                              
			                  , CASE WHEN S.SCHEDULER_EMAIL = }EMAIL} THEN 'Host'
			                    ELSE 'Join' END   AS TYPE                   
                              , (SELECT  VIEW_NM 
                                  FROM  SYS_CODE 
                                 WHERE  GROUP_CD = 'CD05' 
                                   AND  CODE_CD  = P.TRACKING_CD ) AS TRACKING_NM
                              , CASE WHEN CONVERT_LOCALTIME2(S.START_TIME, #{UNLOCODE}) &gt;= STR_TO_DATE(#{CURRENT_DATE}, '%Y%m%d%H%i') THEN 'F' ELSE 'O' END AS TIME_TYPE      
			              FROM  SCHEDULE S LEFT OUTER JOIN PARTICIPANT P ON S.SCHEDULE_ID = P.SCHEDULE_ID 
			             WHERE  S.USE_YN      = 'Y'               
 			               AND  (P.EMAIL = #{EMAIL} OR S.SCHEDULER_EMAIL = #{EMAIL}) 
			               AND CONVERT_LOCALTIME2(S.START_TIME, #{UNLOCODE}) &gt;= STR_TO_DATE(#{CURRENT_DATE}, '%Y%m%d%H%i')
			             GROUP BY S.SCHEDULE_ID  
			        )S        
			<if test="TRACKING_TYPE != ''">
				<if test='TRACKING_TYPE="ALL"'>
					<if test ="KEY_WORD != ''">
						WHERE	LOWER(TITLE) LIKE LOWER('%$KEY_WORD$%')
					</if>
					<if test ="S_DAY != ''">
						 WHERE DATE_FORMAT(CONVERT_LOCALTIME2(START_DATE, #{UNLOCODE}),'%Y%m%d') &gt;= #{S_DAY}
						 AND DATE_FORMAT(CONVERT_LOCALTIME2(END_DATE, #{UNLOCODE}),'%Y%m%d') &lt;= #{E_DAY}
					</if>				
				</if>
				<if test='TRACKING_TYPE="HOST"'>
				    WHERE TYPE = 'Host'
					<if test ="KEY_WORD != ''">
						AND	LOWER(TITLE) LIKE LOWER('%$KEY_WORD$%')
					</if>
					<if test ="S_DAY != ''">
						 AND DATE_FORMAT(CONVERT_LOCALTIME2(START_DATE, #{UNLOCODE}),'%Y%m%d') &gt;= #{S_DAY}
						 AND DATE_FORMAT(CONVERT_LOCALTIME2(END_DATE, #{UNLOCODE}),'%Y%m%d') &lt;= #{E_DAY}
					</if>				
				</if>
				<if test='TRACKING_TYPE="JOIN"'>
				    WHERE TYPE != 'Host'
					<if test ="KEY_WORD != ''">
						AND	LOWER(TITLE) LIKE LOWER('%$KEY_WORD$%')
					</if>
					<if test ="S_DAY != ''">
						 AND DATE_FORMAT(CONVERT_LOCALTIME2(START_DATE, #{UNLOCODE}),'%Y%m%d') &gt;= #{S_DAY}
						 AND DATE_FORMAT(CONVERT_LOCALTIME2(END_DATE, #{UNLOCODE}),'%Y%m%d') &lt;= #{E_DAY}
					</if>				
				</if>
				
			</if>
			ORDER BY SCHEDULE_TIME,TRACKING_NM
        
        </select>
        
  		<!-- 2012.09.13 예약 Endpoint 가져오기 (dashBoard) -->
  		<select id="ENDPOINT_LIST" parameterType="java.util.HashMap" resultType="java.util.HashMap">
  		<![CDATA[
				SELECT  RE.RES_KEY,
						E.DIR_NUM,
						E.PORTS,
						E.PROTOCOL,   
                        RE.RES_ENDPOINT_ID,
                        E.COLOR AS COLOR,
                        RE.ENDPOINT_TYPE,
                        RE.RESOURCE_ENDPOINTS,
					   S.SCHEDULE_TYPE, 
					   (SELECT CASE WHEN COUNT(*) > 1 THEN 'MORE' ELSE 'ONE' END
			    	   FROM RES_ENDPOINTS RES
			    	   WHERE RES.SCHEDULE_ID = RE.SCHEDULE_ID
	      	    	         AND RES.RES_KEY = RE.RES_KEY) AS COUNT_TYPE,
					    E.DISPLAY_NM AS DISPLAY_NM
				FROM RES_ENDPOINTS RE, SCHEDULE S, endpoints e
				WHERE RE.SCHEDULE_ID = S.SCHEDULE_ID
		          AND RE.RES_KEY = ENDPOINT_KEY
		          AND RE.SCHEDULE_ID = #{SCHEDULE_ID}   
  		]]>
  		</select>
  		<!-- 2012.03.12 참석자 가져오기 (dashBoard) -->
  		<select id="ATTENDED_LIST" parameterType="java.util.HashMap" resultType="java.util.HashMap">
  		<![CDATA[
	  		   SELECT  
			          S.SCHEDULE_ID         /* 일정아이디 */           
	                , P.RES_ENDPOINT_ID  
			        , P.MEMBER_ID			/* 사용자아이디 */
			        , P.MEMBER_NM			/* 사용자이름 */
	                , P.EMAIL               /* 이메일 */         
			        , (
			             SELECT SC.CODE_CD
			               FROM SYS_CODE SC               
			              WHERE SC.GROUP_CD = 'CD05'
			                AND SC.CODE_CD = P.TRACKING_CD
			          ) AS TRACKING_CD		/* 확인여부 */     
			    FROM  SCHEDULE S, PARTICIPANT P
			   WHERE  S.SCHEDULE_ID = P.SCHEDULE_ID
			   	 AND  S.USE_YN = 'Y'     
	             AND  S.SCHEDULE_ID = #{SCHEDULE_ID}
  		]]>
  		</select>
  		<!-- 2012.03.13 트래킹 회의 일정 가져오기 -->
        <select id="SCHEDULE_LIST" parameterType="java.util.HashMap" resultType="java.util.HashMap">
        
            SELECT  
                    S.SCHEDULE_ID			/* 일정아이디 */
                  , S.TITLE					/* 제목 */
                  ,	S.START_TIME
                  ,	S.END_TIME                        
                  , CONCAT(S.START_TIME, ' - ', S.END_TIME) AS SCHEDULE_TIME /* 일정시간 */
                  , p.TRACKING_CD			/* 확인여부 */
                  , (
                        SELECT  MEMBER_NM
<!--                         SELECT  DISPLAYNAME -->
                          FROM  MEMBER  
                         WHERE  1 = 1 
                           AND  MEMBER_ID = S.INPUT_ID
                    ) AS SCHEDULER          /* 일정예약자 */                  
              FROM  SCHEDULE S
                  , PARTICIPANT P 
             WHERE  S.SCHEDULE_ID = P.SCHEDULE_ID
               AND  S.USE_YN      = 'Y'
               AND  P.MEMBER_ID   = #{MEMBER_ID}
               AND  P.TRACKING_CD = 'CD0502'
        
        </select>  		
        
	
		
<!--  NEW MAIL -->
	<!-- 모든 참석자 -->
	<select id="ALL_PARTICIPANT_MAIL_SELECT" parameterType="java.util.HashMap"	resultType="java.util.HashMap">
	SELECT P.RES_ENDPOINT_ID
		 , P.MEMBER_NM
		 , P.EMAIL
		 , P.MEMBER_ID
		 , P.RES_KEY
		 , CONCAT(P.MEMBER_ID,'@hankooktire.onmicrosoft.com') AS EMAIL2
<!-- 		 , 'adkj007@naver.com' AS EMAIL2 -->
		 , IFNULL(M.DEPT_NM,'') AS DEPT_NM
	FROM PARTICIPANT P LEFT OUTER JOIN  MEMBER M ON P.MEMBER_ID = M.MEMBER_ID
	WHERE P.SCHEDULE_ID = #{SCHEDULE_ID}	
    </select>
	
	<select id="ALL_ENDPOINT_MAIL_SELECT" parameterType="java.util.HashMap"	resultType="java.util.HashMap">
	SELECT
		IFNULL((SELECT DISPLAY_NM
		FROM ENDPOINTS
		WHERE ENDPOINT_KEY = RE.RES_KEY),"RESOURCE") AS NAME
<!-- 		, RE.HOST_YN -->
		, RE.ENDPOINT_TYPE
		, RE.RES_ENDPOINT_ID
		, RE.RES_KEY
<!-- 		,(SELECT AD_ID FROM ENDPOINTS WHERE ENDPOINT_KEY = RE.RES_KEY) AS AD_ID -->
	FROM RES_ENDPOINTS RE
	WHERE RE.SCHEDULE_ID = #{SCHEDULE_ID}
	</select>    
    
    <select id="MEETING_INFO_SELECT" parameterType="java.util.HashMap"	resultType="java.util.HashMap">
		SELECT 
		       CONF_ID
		     , SCHEDULE_TYPE
		     , WEB_BRIDGE_URI
		     , URI     
		     , CONTENTS
		     , MAIL_YN
		     , PASSCODE
		     , MEETING_KEY
		     , MEETING_PW
		     , HOST_KEY
		     , INVITE_URL
		FROM SCHEDULE
		WHERE SCHEDULE_ID = #{SCHEDULE_ID}
    </select>

    <select id="AUTH_INFO_SELECT" parameterType="java.util.HashMap"	resultType="java.util.HashMap">
		SELECT M.AUTH_CD,
			   M.ORG_KEY       
		FROM MEMBER M 
		WHERE M.MEMBER_ID = #{MEMBER_ID};
    </select>
    
	<select id="CITY_INFO_SELECT" parameterType="java.util.HashMap" resultType="java.util.HashMap">
		SELECT CITY
		FROM TIME_ZONES
		WHERE UNLOCODE = (SELECT UNLOCODE
						  FROM MEMBER
						  WHERE MEMBER_ID =	(SELECT INPUT_ID
											 FROM SCHEDULE
											 WHERE SCHEDULE_ID = #{SCHEDULE_ID}))
	</select>
    
    <!-- 초기 SP정보 -->
    <select id="SP_INFO_SELECT" parameterType="java.util.HashMap"	resultType="java.util.HashMap">
    	SELECT SP_LOGO,
    		   MESSAGE,
    		   SUBSTRING(SP_LINK, 8, LENGTH(SP_LINK)) AS SP_LINK
    	FROM SP_INFO
    </select>
    
    <!-- 모든  Endpoint 가져오기 -->
   	<select id="ALL_ENDPOINTS_SELECT" parameterType="java.util.HashMap" resultType="java.util.HashMap">
    	SELECT ENDPOINT_KEY
    	FROM ENDPOINTS
    	WHERE ENDPOINT_TYPE = 'CD0301'
    	ORDER BY ENDPOINT_TYPE ASC
   	</select>
   	
   
	
	<!-- 인증 -->
	<select id="VEDB_ID_SELECT" parameterType="java.util.HashMap" resultType="java.util.HashMap">
    	SELECT MEMBER_ID
    	FROM MEMBER
    	WHERE MEMBER_ID = #{USER_ID}
   	</select>
   	
   
	<select id="CHECK_NEW_MEMBER" parameterType="java.util.HashMap" resultType="java.util.HashMap">
    	SELECT MEMBER_ID
    	FROM MEMBER
    	WHERE MEMBER_ID = #{MEMBER_ID}
   	</select>   	
   	<select id="CHECK_USER_ADMIN_MEMBER" parameterType="java.util.HashMap" resultType="java.util.HashMap">
    	SELECT *
		FROM MEMBER
		WHERE MEMBER_ID = #{MEMBER_ID}
   	</select> 
 
    
    <select id="SENDER_SELECT" parameterType="java.util.HashMap" resultType="java.util.HashMap">
    	SELECT CONCAT(MEMBER_NM ,'(', IFNULL(MEMBER_NM_EN,''), ')') AS MEMBER_NM
    		 , EMAIL
    		 ,IFNULL(DEPT_NM,'') AS DEPT_NM
    		 ,IFNULL(DISPLAYNAME,MEMBER_NM) AS DISPLAYNAME
    	FROM MEMBER
    	WHERE MEMBER_ID = #{MEMBER_ID}
    </select>
    
   	<select id="CHK_USED_JABBER" parameterType="java.util.HashMap" resultType="java.util.HashMap">
   	
		SELECT DISPLAY_NM
		     , ENDPOINT_TYPE
		     , ENDPOINT_KEY    
		  FROM ENDPOINTS  
		 WHERE ENDPOINT_TYPE = 'CD0303'
		   AND ENDPOINT_KEY NOT IN (
		                                SELECT  R.RES_KEY 
		                                  FROM  SCHEDULE S 
		                                     ,  RES_ENDPOINTS R  
		                                 WHERE  S.USE_YN = 'Y'
		                                   AND  S.SCHEDULE_ID = R.SCHEDULE_ID
		                                   AND  R.ENDPOINT_TYPE = 'CD0303'
		                                   <![CDATA[
										   AND (
		                                         (DATE_FORMAT(CONVERT_LOCALTIME2(S.START_TIME, }UNLOCODE}),'%Y%m%d%H%i') >= #{START_DATE_TIME}          
		                                          AND DATE_FORMAT(CONVERT_LOCALTIME2(S.START_TIME, }UNLOCODE}),'%Y%m%d%H%i') < #{END_DATE_TIME})        
		                                        OR 
		                                        (DATE_FORMAT(CONVERT_LOCALTIME2(S.END_TIME, }UNLOCODE}),'%Y%m%d%H%i') > #{START_DATE_TIME}        
		                                        AND DATE_FORMAT(CONVERT_LOCALTIME2(S.END_TIME, }UNLOCODE}),'%Y%m%d%H%i') <= #{END_DATE_TIME})    
		                                            
		                                        OR 
		                                        (DATE_FORMAT(CONVERT_LOCALTIME2(S.START_TIME, }UNLOCODE}),'%Y%m%d%H%i') < #{START_DATE_TIME}         
		                                        AND DATE_FORMAT(CONVERT_LOCALTIME2(S.END_TIME, }UNLOCODE}),'%Y%m%d%H%i') > #{END_DATE_TIME})    
		                                       )
										  ]]>
										  <if test="SCHEDULE_ID != ''">
										  	AND S.SCHEDULE_ID NOT IN ('$SCHEDULE_ID$')
										  </if>
		                            ) 
		ORDER BY DISPLAY_NM
   	
   	</select>
   	<select id="CHK_USED_OCS" parameterType="java.util.HashMap" resultType="java.util.HashMap">
   	
		SELECT DISPLAY_NM
		     , ENDPOINT_TYPE
		     , ENDPOINT_KEY  
		  FROM ENDPOINTS  
		 WHERE ENDPOINT_TYPE = 'CD0304'
		   AND ENDPOINT_KEY NOT IN (
		                                SELECT  R.RES_KEY 
		                                  FROM  SCHEDULE S 
		                                     ,  RES_ENDPOINTS R  
		                                 WHERE  S.USE_YN = 'Y'
		                                   AND  S.SCHEDULE_ID = R.SCHEDULE_ID
		                                   AND  R.ENDPOINT_TYPE = 'CD0304'
		                                   <![CDATA[
										  AND (
		                                         (DATE_FORMAT(CONVERT_LOCALTIME2(S.START_TIME, }UNLOCODE}),'%Y%m%d%H%i') >= #{START_DATE_TIME}          
		                                          AND DATE_FORMAT(CONVERT_LOCALTIME2(S.START_TIME, }UNLOCODE}),'%Y%m%d%H%i') < #{END_DATE_TIME})        
		                                        OR 
		                                        (DATE_FORMAT(CONVERT_LOCALTIME2(S.END_TIME, }UNLOCODE}),'%Y%m%d%H%i') > #{START_DATE_TIME}        
		                                        AND DATE_FORMAT(CONVERT_LOCALTIME2(S.END_TIME, }UNLOCODE}),'%Y%m%d%H%i') <= #{END_DATE_TIME})    
		                                            
		                                        OR 
		                                        (DATE_FORMAT(CONVERT_LOCALTIME2(S.START_TIME, }UNLOCODE}),'%Y%m%d%H%i') < #{START_DATE_TIME}         
		                                        AND DATE_FORMAT(CONVERT_LOCALTIME2(S.END_TIME, }UNLOCODE}),'%Y%m%d%H%i') > #{END_DATE_TIME})    
		                                      )
										  ]]>
										 <if test="SCHEDULE_ID != ''">
										  	AND S.SCHEDULE_ID NOT IN ('$SCHEDULE_ID$')
										  </if>
		                            ) 
		ORDER BY DISPLAY_NM
   	
   	</select>
   	
   	<select id="JABBER_OCS_MAX_CNT" parameterType="java.util.HashMap" resultType="java.util.HashMap">
   	
		SELECT  COUNT(ENDPOINT_KEY) AS ENDPOINT_USE_CNT
		      , CASE WHEN ENDPOINT_TYPE = 'CD0303' THEN 'JABBER'
		        ELSE 'OCS' 
		        END AS ENDPOINT_USE_TYPE                     
		  FROM  ENDPOINTS  
		 WHERE  ENDPOINT_TYPE IN ('CD0303','CD0304')
		 GROUP BY ENDPOINT_TYPE
		 
   	</select>
   	
   	<!-- TMS capacity 갯수 가져오기  -->
   	<select id="SELECT_TMS_CAPACITY" parameterType="java.util.HashMap" resultType="java.util.HashMap">
   	
		SELECT CAPACITY
			 , GET_CAPACITY(}STRAT_DATE},}END_DATE}) AS SCHEDULE_MAX_CAPACITY 
		  FROM ENVIRONMENT
		 WHERE SYSTEM_TYPE = 'CD0601'
   	
   	</select>

   	<!-- CTM capacity 갯수 가져오기  -->
   	<select id="SELECT_CTM_CAPACITY" parameterType="java.util.HashMap" resultType="java.util.HashMap">
   	
		SELECT CAPACITY
			 , GET_CAPACITY_CTM(#{STRAT_DATE},#{END_DATE}) AS SCHEDULE_MAX_CAPACITY 
		  FROM ENVIRONMENT
		 WHERE SYSTEM_TYPE = 'CD0602'
   	
   	</select>
   	
   	<select id="SELECT_JABBER_LAST_REV" parameterType="java.util.HashMap" resultType="java.util.HashMap">
		SELECT RES_KEY
		FROM RES_ENDPOINTS
		WHERE SCHEDULE_ID = (
			SELECT MAX(R.SCHEDULE_ID)
			FROM RES_ENDPOINTS R, SCHEDULE S
			WHERE R.SCHEDULE_ID = S.SCHEDULE_ID
			AND S.USE_YN = 'Y'
			AND ENDPOINT_TYPE = 'CD0303')
		AND ENDPOINT_TYPE = 'CD0303'
		ORDER BY RES_ENDPOINT_ID DESC
		LIMIT 1
   	</select>

   	<select id="SELECT_OCS_LAST_REV" parameterType="java.util.HashMap" resultType="java.util.HashMap">
		SELECT RES_KEY
		FROM RES_ENDPOINTS
		WHERE SCHEDULE_ID = (
			SELECT MAX(R.SCHEDULE_ID)
			FROM RES_ENDPOINTS R, SCHEDULE S
			WHERE R.SCHEDULE_ID = S.SCHEDULE_ID
			AND S.USE_YN = 'Y'
			AND ENDPOINT_TYPE = 'CD0304')
		AND ENDPOINT_TYPE = 'CD0304'
		ORDER BY RES_ENDPOINT_ID DESC
		LIMIT 1
   	</select>

   	<select id="SELECT_OTHER_ORG" parameterType="java.util.HashMap" resultType="java.util.HashMap">
	SELECT E.ORG_KEY  	
			FROM ENDPOINTS E
			WHERE 
				 E.ORG_KEY NOT IN ('$ORG_KEY$')
			  	AND E.USE_YN = 'Y'
			  	AND E.ACTIVE_YN = 'Y'
			  	 <if test="KEY_WORD != null">
			  		AND LOWER(E.DISPLAY_NM) LIKE LOWER('%$KEY_WORD$%')
			  	 </if>
			GROUP BY E.ORG_KEY;   	
	</select>

   	<select id="SELECT_COMPANY" parameterType="java.util.HashMap" resultType="java.util.HashMap">
		SELECT ORG_NM AS DISPLAY_NM
				, ORG_KEY AS value
		FROM ORGANIZATION
		WHERE ORG_KEY != #{ORG_KEY}
		AND USE_YN = 'Y';
	</select>
   	
   	<!-- 디바이스 정보 가져오기 -->
    <select id="PART_DEVICE_SELECT" parameterType="java.util.HashMap" resultType="java.util.HashMap">
    	SELECT P.SCHEDULE_ID
		       , P.MEMBER_ID
		       , N.DEVICE_ID
		       , N.DEVICE_TYPE
		FROM PARTICIPANT P, NOTIFICATION N
		WHERE P.MEMBER_ID = N.MEMBER_ID
		      AND P.SCHEDULE_ID = #{SCHEDULE_ID}
    </select>
    
    <select id="MEETING_MIN_SET_SELECT" parameterType="java.util.HashMap" resultType="java.util.HashMap">
		
		SELECT MEETING_MINUTE_PERIOD
		  FROM SP_INFO

	</select>
	
	<select id="RESOURCE_MAX_SELECT" parameterType="java.util.HashMap" resultType="java.util.HashMap">
        		SELECT MAX(SCHEDULE_ID) AS SCHEDULE_ID
        		FROM SCHEDULE;
        </select>
        
	<select id="OLD_SCHEDULE_TITLE" parameterType="java.util.HashMap" resultType="java.util.HashMap">
        		SELECT OLD_TITLE FROM SCHEDULE
        		WHERE SCHEDULE_ID = #{SCHEDULE_ID}
        </select>
      
       <select id="DEPT_LIST_SELECT" parameterType="java.util.HashMap" resultType="java.util.HashMap">
	
		SELECT  MEMBER_NM
		     ,  EMAIL
		     ,  DEPT_CD
		     ,  ORG_KEY
		     ,  MEMBER_ID
		     ,  DEPT_NM
		     ,  IFNULL(DISPLAYNAME,CONCAT(MEMBER_NM, '(', IFNULL(MEMBER_NM_EN,''), ')',' / ',IFNULL(DEPT_NM,''))) AS DISPLAYNAME
<!-- 		     ,  GRADE_NM -->
<!-- 		     ,  COMP_NM -->
		  FROM  MEMBER M
		 WHERE  USE_YN ='Y'
		 
		   AND  (EMAIL IS NOT NULL OR EMAIL != '')
		 <if test="KEY_WORD != ''">
<!-- 		   AND  lower(CONCAT(MEMBER_NM, DEPT_NM, EMAIL)) LIKE lower(CONCAT('%', #{KEY_WORD}, '%')) -->
		   AND  lower(CONCAT(IFNULL(MEMBER_NM, ''), IFNULL(DEPT_NM, ''), IFNULL(EMAIL,''))) LIKE lower('%${KEY_WORD}%')
		</if>
		   ORDER BY MEMBER_NM
   	</select>     
   	
   	
   	 <select id="SCHEDULE_FAVORITE_LIST" parameterType="java.util.HashMap" resultType="java.util.HashMap">
	
		SELECT   S.SCHEDULE_ID
               , SUBSTR(DATE_FORMAT(CONVERT_LOCALTIME2(S.START_TIME, #{UNLOCODE} ),'%Y%m%d%H%i'),1,8) AS START_DATE
               , SUBSTR(DATE_FORMAT(CONVERT_LOCALTIME2(S.END_TIME, #{UNLOCODE} ),'%Y%m%d%H%i'),1,8) AS END_DATE
               , SUBSTR(DATE_FORMAT(CONVERT_LOCALTIME2(S.START_TIME, #{UNLOCODE} ),'%Y%m%d%H%i'),9,4) AS START_TIME
               , SUBSTR(DATE_FORMAT(CONVERT_LOCALTIME2(S.END_TIME, #{UNLOCODE} ),'%Y%m%d%H%i'),9,4) AS END_TIME
               , S.TITLE
               , S.CONTENTS
               , S.CONF_ID
               , S.COSPACE_ID
               , S.CALL_ID
               , S.PASSCODE
               , CONCAT(DATE_FORMAT(CONVERT_LOCALTIME2(S.START_TIME, #{UNLOCODE} ),'%Y-%m-%d %H:%i'), ' - ',DATE_FORMAT(CONVERT_LOCALTIME2(S.END_TIME, #{UNLOCODE} ),'%Y-%m-%d %H:%i')) AS SCHEDULE_TIME                   
               , (
			       SELECT  MEMBER_NM
                       FROM  MEMBER  
                      WHERE  MEMBER_ID = S.INPUT_ID
                 ) AS SCHEDULER            
		  FROM  SCHEDULE S
		 WHERE  USE_YN ='Y'
		   AND  FAVORITE_YN = 'Y'
		   AND  INPUT_ID = #{USER_ID}
		   ORDER BY SCHEDULE_ID
   	</select>  
   	
   	
   	<update id="SCHEDULE_FAVORITE_UPDATE" parameterType="java.util.HashMap" >
	
		UPDATE SCHEDULE 
		 SET FAVORITE_YN = #{FAVORITE_YN}
		    ,UPDT_ID = #{UPDT_ID}  
		    ,UPDT_IP = #{UPDT_IP}  
		    ,UPDT_DT = NOW()
		 WHERE  SCHEDULE_ID  = #{SCHEDULE_ID}
	
   	</update>   
   	 
   	
   	<select id="CHK_USED_COSPACE" parameterType="java.util.HashMap" resultType="java.util.HashMap">
		SELECT	URI
		FROM	COSPACE
		WHERE	URI NOT IN (
								SELECT	C.URI
		                        FROM  	SCHEDULE S 
		                                ,  COSPACE C
		                        WHERE  	S.USE_YN = 'Y'
		                        AND		S.URI = C.URI
		                        <![CDATA[
								AND (
										(DATE_FORMAT(CONVERT_LOCALTIME2(DATE_ADD(S.START_TIME, INTERVAL - 60 MINUTE), #{UNLOCODE}),'%Y%m%d%H%i') >= #{START_DATE_TIME}          
		                                AND DATE_FORMAT(CONVERT_LOCALTIME2(DATE_ADD(S.START_TIME, INTERVAL - 60 MINUTE), #{UNLOCODE}),'%Y%m%d%H%i') < #{END_DATE_TIME})        
		                                OR 
		                                (DATE_FORMAT(CONVERT_LOCALTIME2(S.END_TIME, #{UNLOCODE}),'%Y%m%d%H%i') > #{START_DATE_TIME}        
		                                AND DATE_FORMAT(CONVERT_LOCALTIME2(S.END_TIME, #{UNLOCODE}),'%Y%m%d%H%i') <= #{END_DATE_TIME})    
		                                OR 
		                                (DATE_FORMAT(CONVERT_LOCALTIME2(DATE_ADD(S.START_TIME, INTERVAL - 60 MINUTE), #{UNLOCODE}),'%Y%m%d%H%i') <= #{START_DATE_TIME}         
		                                AND DATE_FORMAT(CONVERT_LOCALTIME2(DATE_ADD(S.END_TIME, INTERVAL + 30 MINUTE), #{UNLOCODE}),'%Y%m%d%H%i') > #{END_DATE_TIME})  
		                                  
		                             )
								]]>
								<if test="SCHEDULE_ID != null">
							  		AND S.SCHEDULE_ID NOT IN ('$SCHEDULE_ID$')
							  	</if>
							) 
		ORDER BY URI
   	</select>
   	
   	<select id="CHK_USED_WEBEX" parameterType="java.util.HashMap" resultType="java.util.HashMap">
		SELECT	WEBEX_ID, WEBEX_PW, SEQ
		FROM	WEBEX
		WHERE	WEBEX_ID NOT IN (
		                        SELECT W.WEBEX_ID
								FROM SCHEDULE S, WEBEX W
								WHERE S.USE_YN = 'Y'
								AND S.WEBEX_ID = W.WEBEX_ID
		                        <![CDATA[
								AND (
										(DATE_FORMAT(CONVERT_LOCALTIME2(DATE_ADD(S.START_TIME, INTERVAL - 10 MINUTE), #{UNLOCODE}),'%Y%m%d%H%i%s') >= #{START_DATE_TIME}          
		                                AND DATE_FORMAT(CONVERT_LOCALTIME2(DATE_ADD(S.START_TIME, INTERVAL - 10 MINUTE), #{UNLOCODE}),'%Y%m%d%H%i%s') < #{END_DATE_TIME})        
		                                OR 
		                                (DATE_FORMAT(CONVERT_LOCALTIME2(S.END_TIME, #{UNLOCODE}),'%Y%m%d%H%i%s') > #{START_DATE_TIME}        
		                                AND DATE_FORMAT(CONVERT_LOCALTIME2(S.END_TIME, #{UNLOCODE}),'%Y%m%d%H%i%s') <= #{END_DATE_TIME})    
		                                OR 
		                                (DATE_FORMAT(CONVERT_LOCALTIME2(DATE_ADD(S.START_TIME, INTERVAL - 10 MINUTE), #{UNLOCODE}),'%Y%m%d%H%i%s') <= #{START_DATE_TIME}         
		                                AND DATE_FORMAT(CONVERT_LOCALTIME2(DATE_ADD(S.END_TIME, INTERVAL + 10 MINUTE), #{UNLOCODE}),'%Y%m%d%H%i%s') > #{END_DATE_TIME})  
		                                  
		                             )
								]]>
								<if test="SCHEDULE_ID != null">
							  		AND S.SCHEDULE_ID NOT IN ('$SCHEDULE_ID$')
							  	</if>
							) 
		ORDER BY SEQ
   	</select>
   	
   	<select id="SELECT_COSPACE_LAST_REV" parameterType="java.util.HashMap" resultType="java.util.HashMap">
		SELECT A.URI AS LAST_URI
			FROM SCHEDULE A
	    where A.SCHEDULE_ID = 
	    (
	  		SELECT	MAX(S.SCHEDULE_ID)
	  		FROM	SCHEDULE S
	  		WHERE	S.USE_YN = 'Y'
	    )
   	</select>
   	
   	<select id="SELECT_WEBEX_LAST_REV" parameterType="java.util.HashMap" resultType="java.util.HashMap">
		SELECT A.WEBEX_SEQ AS SEQ
		FROM SCHEDULE A
	    WHERE A.SCHEDULE_ID = (
	    					   SELECT	MAX(S.SCHEDULE_ID)
	  						   FROM	SCHEDULE S
	  						   WHERE	S.USE_YN = 'Y'
	  						   AND SCHEDULE_TYPE != 'CD0203'
	  						   AND DATE_FORMAT(CONVERT_LOCALTIME2(S.START_TIME,#{UNLOCODE}),'%Y%m%d') = subString(#{START_DATE_TIME},1,8)
	  						   )
	  						   
   	</select>
   	
   	<select id="CHK_USED_COSPACE_COUNT" parameterType="java.util.HashMap" resultType="java.util.HashMap">
		SELECT	COUNT(C.URI) AS CNT
                    FROM  	SCHEDULE S 
                            ,  COSPACE C
                    WHERE  	S.USE_YN = 'Y'
                    AND		S.URI = C.URI
                    <![CDATA[
		AND (
				(DATE_FORMAT(CONVERT_LOCALTIME2(DATE_ADD(S.START_TIME, INTERVAL - 60 MINUTE), #{UNLOCODE}),'%Y%m%d%H%i') >= #{START_DATE_TIME#}        
                            AND DATE_FORMAT(CONVERT_LOCALTIME2(DATE_ADD(S.START_TIME, INTERVAL - 60 MINUTE), #{UNLOCODE}),'%Y%m%d%H%i') < #{END_DATE_TIME})        
                            OR 
                            (DATE_FORMAT(CONVERT_LOCALTIME2(S.END_TIME, #{UNLOCODE}),'%Y%m%d%H%i') > #{START_DATE_TIME}        
                            AND DATE_FORMAT(CONVERT_LOCALTIME2(S.END_TIME, #{UNLOCODE}),'%Y%m%d%H%i') <= #{END_DATE_TIME})    
                            OR 
                            (DATE_FORMAT(CONVERT_LOCALTIME2(DATE_ADD(S.START_TIME, INTERVAL - 60 MINUTE), #{UNLOCODE}),'%Y%m%d%H%i') < #{START_DATE_TIME}         
                            AND DATE_FORMAT(CONVERT_LOCALTIME2(S.END_TIME, #{UNLOCODE}),'%Y%m%d%H%i') > #{END_DATE_TIME})    
                         )
		]]>
	  	    <if test="SCHEDULE_ID != null">
			   AND S.SCHEDULE_ID NOT IN ('$SCHEDULE_ID$')
			</if>
   	</select>
   	
   	
   	<select id="CHK_USED_WEBEX_COUNT" parameterType="java.util.HashMap" resultType="java.util.HashMap">
		SELECT	COUNT(W.SEQ) AS CNT
                    FROM  	SCHEDULE S 
                            ,  WEBEX W
                    WHERE  	S.USE_YN = 'Y'
                    AND		S.WEBEX_SEQ = W.SEQ
                    AND 	S.SCHEDULE_TYPE != 'CD0203'
                    <![CDATA[
					AND (
							(DATE_FORMAT(CONVERT_LOCALTIME2(DATE_ADD(S.START_TIME, INTERVAL - 10 MINUTE), #{UNLOCODE}),'%Y%m%d%H%i') >= #{START_DATE_TIME#}        
                            AND DATE_FORMAT(CONVERT_LOCALTIME2(DATE_ADD(S.START_TIME, INTERVAL - 10 MINUTE), #{UNLOCODE}),'%Y%m%d%H%i') < #{END_DATE_TIME})        
                            OR 
                            (DATE_FORMAT(CONVERT_LOCALTIME2(S.END_TIME, #{UNLOCODE}),'%Y%m%d%H%i') > #{START_DATE_TIME}        
                            AND DATE_FORMAT(CONVERT_LOCALTIME2(S.END_TIME, #{UNLOCODE}),'%Y%m%d%H%i') <= #{END_DATE_TIME})    
                            OR 
                            (DATE_FORMAT(CONVERT_LOCALTIME2(DATE_ADD(S.START_TIME, INTERVAL - 10 MINUTE), #{UNLOCODE}),'%Y%m%d%H%i') < #{START_DATE_TIME}         
                            AND DATE_FORMAT(CONVERT_LOCALTIME2(S.END_TIME, #{UNLOCODE}),'%Y%m%d%H%i') > #{END_DATE_TIME})    
                         )
					]]>
	  	    <if test="SCHEDULE_ID != null">
			   AND S.SCHEDULE_ID NOT IN (#{SCHEDULE_ID})
			</if>
   	</select>
   	
   	
   	<select id="SELECT_SCHEDULE_INFO" parameterType="java.util.HashMap" resultType="java.util.HashMap">
		SELECT	  DATE_FORMAT(S.START_TIME,'%Y-%m-%d %H:%i:00') AS OLD_START_TIME
				, DATE_FORMAT(S.END_TIME,'%Y-%m-%d %H:%i:00') AS OLD_END_TIME
				, S.SCHEDULE_TYPE
				, S.WEBEX_ID
				, W.WEBEX_PW
				, S.TITLE
				, S.CONTENTS
				, DATE_FORMAT(CONVERT_LOCALTIME2(S.START_TIME, "Asia/Seoul"),'%Y%m%d%H%i%s') AS START_DATE_TIME
				, DATE_FORMAT(CONVERT_LOCALTIME2(S.END_TIME, "Asia/Seoul"),'%Y%m%d%H%i%s') AS END_DATE_TIME
				, S.DURATION
				, S.MEETING_KEY
				, S.PASSCODE
				, (SELECT MEMBER_NM FROM MEMBER WHERE MEMBER_ID = S.INPUT_ID) AS MEMBER_NM
				, (SELECT IFNULL(DEPT_NM,'') FROM MEMBER WHERE MEMBER_ID = S.INPUT_ID) AS DEPT_NM
				, S.INPUT_ID
				, S.INVITE_URL
				, S.HOST_KEY
				, S.SCHEDULER_EMAIL
				, S.SCHEDULER_NM
		FROM	SCHEDULE S, WEBEX W
    	WHERE S.WEBEX_ID = W.WEBEX_ID
		AND	S.SCHEDULE_ID = #{SCHEDULE_ID}
   	</select>
   	
   	<select id="CHK_SCHEDULE_ID" parameterType="java.util.HashMap" resultType="java.util.HashMap">
		SELECT	SCHEDULE_ID
                    FROM  	SCHEDULE S 
                    WHERE  	S.USE_YN = 'Y'
                    AND		SCHEDULE_ID = #{SCHEDULE_ID}
   </select>
   
   
    	<select id="GET_SCHEDULE_ID" parameterType="java.util.HashMap" resultType="java.util.HashMap">
		SELECT	SCHEDULE_ID
                    FROM  	SCHEDULE S 
                    WHERE  	S.USE_YN = 'Y'
                    AND		S.HIOFFICE_ID = #{HIOFFICE_ID}
   </select>
        
	
	<select id="QUERY_SELECT" parameterType="java.util.HashMap" resultType="java.util.HashMap" >
        		${QUERYDATA}$;
        		
    </select>
    
   <select id="GET_OFFSET" parameterType="java.util.HashMap" resultType="java.util.HashMap">
<!-- 		SELECT	GMT_OFFSET AS OFFSET -->
<!--         FROM  	TIME_ZONES T  -->
<!--         WHERE  	T.UNLOCODE = #{UNLOCODE} -->
        
        select convert(get_offset(now(), #{UNLOCODE}), SIGNED) AS GET_OFFSET
   </select>
   
   <select id="GET_DEPT_USERS" parameterType="java.util.HashMap" resultType="java.util.HashMap">
		SELECT DEPT_CD,
		DEPT_NM,
		PAR_CD
		FROM DEPARTMENT_USER
		WHERE PAR_CD = '00000000'
		AND AEDTM >= date_format(now(),'%Y%m%d')
		ORDER BY PAR_CD
	</select>  
	
	<select id="GET_USERS" parameterType="java.util.HashMap" resultType="java.util.HashMap">
		SELECT MEMBER_ID
			 , DEPT_CD
			 , MEMBER_NM
			 , MEMBER_NM_EN
			 ,  EMAIL
			 ,  DEPT_NM
<!-- 		     ,  GRADE_NM -->
<!-- 			 ,  COMP_NM		      -->
		     ,  IFNULL(DISPLAYNAME,CONCAT(MEMBER_NM,'(',IFNULL(MEMBER_NM_EN,''),')',' / ',IFNULL(DEPT_NM,''))) AS DISPLAYNAME
		FROM MEMBER
		WHERE DEPT_CD = #{id}
		
		
	</select>
	
	<select id="GET_USERS_DEPT" parameterType="java.util.HashMap" resultType="java.util.HashMap">
		SELECT DEPT_CD
			  ,PAR_CD
			  <if test="LOCALE == 'ko'">
			  ,DEPT_NM		     
			 </if>
			 <if test="LOCALE == 'en'">
			  ,DEPT_NM_EN AS DEPT_NM 	     
			 </if>
		FROM DEPARTMENT_USER
		WHERE PAR_CD = #{id}
		AND AEDTM >= date_format(now(),'%Y%m%d')
<!-- 		AND AEDTM >= '20200601' -->
		<if test="id == '00000000'">
		   AND DEPT_CD IN ('00007851','00000001','900000','800000','200000','600000','400000','500000','700000','300000','610000')
		</if>
		ORDER BY PAR_CD
	</select>
	
	<select id="GET_USERS_ALL_DEPT" parameterType="java.util.HashMap" resultType="java.util.HashMap">
		SELECT MEMBER_NM
		     ,  EMAIL
		     ,  DEPT_CD
		     ,  ORG_KEY
		     ,  MEMBER_ID
		     ,  DEPT_NM
		     ,  IFNULL(DISPLAYNAME,MEMBER_NM) AS DISPLAYNAME
<!-- 		     ,  GRADE_NM -->
<!-- 		     ,  COMP_NM	  -->
		FROM MEMBER
		WHERE DEPT_CD IN (${DEPT_CD_LIST})
	</select>    
	
	<select id="GET_USER" parameterType="java.util.HashMap" resultType="java.util.HashMap">
		SELECT MEMBER_ID
			 , DEPT_CD
			 , MEMBER_NM
			 ,  EMAIL
			 ,  DEPT_NM
<!-- 		     ,  GRADE_NM -->
<!-- 		     ,  COMP_NM	 -->
		     ,  IFNULL(DISPLAYNAME,CONCAT(MEMBER_NM,'(',IFNULL(MEMBER_NM_EN,''),')',' / ',IFNULL(DEPT_NM,''))) AS DISPLAYNAME 			 
		FROM MEMBER
		WHERE MEMBER_ID = #{id}
	</select>
	
	<select id="SELECT_ENDPOINT_ARENA" parameterType="java.util.HashMap" resultType="java.util.HashMap">
		SELECT E.ARENA_YN
		      ,R.RES_KEY
		FROM RES_ENDPOINTS R
		   , ENDPOINTS E 
		WHERE R.RES_KEY = E.ENDPOINT_KEY 
		AND SCHEDULE_ID = #{SCHEDULE_ID}
	</select>
	
	<insert id="ARENA_LOGS_INSERT" parameterType="java.util.HashMap" >
		INSERT INTO ARENA_API_LOG (act
								  , inter_sid
								  , title
								  , roomcode
								  , userid
								  , sdate_1
								  , stime
								  , edate_1
								  , etime
								  , result
								  , sendtime
					 			  )
						   	 VALUES(#{act}
				   				  , #{inter_sid}
								  , #{title}
								  , #{roomcode}
								  , #{userid}
								  , #{sdate_1}
								  , #{stime}
								  , #{edate_1}
								  , #{etime}
								  , #{result}
								  , NOW()
								  )								 
	</insert>
	
	<select id="CHECK_ACCESS_IP" parameterType="java.util.HashMap" resultType="java.util.HashMap">
		SELECT COUNT(ACCESS_IP) AS CNT
		FROM ACCESSFILTER
		WHERE ACCESS_IP = #{ACCESS_IP}
	</select>
	
	<select id="SELECT_DEFAULT_EMAILTEMPLATES" parameterType="itsMap" resultType="itsMap">
    	SELECT EMAIL_TITLE
    		 , EMAIL_CONTENTS
    	FROM EMAIL_TEMPLATES
    	WHERE 1=1
<!-- 	    AND DEFAULT_YN = 'Y' -->
	    AND ID = '1'
    </select>
    
    <select id="SELECT_DEFAULT_EMAILTEMPLATES_OUT" parameterType="itsMap" resultType="itsMap">
    	SELECT EMAIL_TITLE
    		 , EMAIL_CONTENTS
    	FROM EMAIL_TEMPLATES
    	WHERE 1=1
<!-- 	    AND DEFAULT_YN = 'Y' -->
	    AND ID = '2'
    </select>
</mapper>