<?xml version="1.0" encoding="UTF-8"?>
<!DOCTYPE mapper PUBLIC "-//mybatis.org//DTD Mapper 3.0//EN" "http://mybatis.org/dtd/mybatis-3-mapper.dtd">
<mapper namespace="adminXml">
	<!-- SELECT 절 -->
	<!-- ldap 정보 가져오기 -->
    <select id="LDAP_INFO_SELECT" parameterType="itsMap" resultType="itsMap">
	  SELECT ID	
			,ORG_KEY
			,LDAP_ADDR
			,SECURE_YN
			,PORTS
			,DEFAULT_CONTEXT
			,USER_NM	
			,DEFAULT_CONTEXT_YN
			,USER_PW
			,CONTAINER1
			,DEFAULT_CONTEXT1_YN
			,CONTAINER2
			,DEFAULT_CONTEXT2_YN
			,CONTAINER3
			,DEFAULT_CONTEXT3_YN
			,CONTAINER4
			,DEFAULT_CONTEXT4_YN
			,CONTAINER5
			,DEFAULT_CONTEXT5_YN
		FROM LDAP_INFO
    </select>
    
    <!-- LDAP_ID MAX -->
    <select id="SELECT_MAX_LDAP_ID" parameterType="itsMap" resultType="itsMap">
    	SELECT LPAD(IFNULL(MAX(ID),'0')+1,10,'0') AS ID
  		FROM LDAP_INFO
    </select>

    <select id="ID_CHK" parameterType="itsMap" resultType="itsMap">
		SELECT COUNT(*) AS CNT FROM MEMBER WHERE  EMAIL = #{EMAIL }
	</select>
    
    <!-- INSERT 절 -->
	<!-- LDAP_INFO 생성 -->
    <insert id="LDAP_INFO_INSERT" parameterType="itsMap">
    	INSERT INTO LDAP_INFO( ID	
							,ORG_KEY
							,LDAP_ADDR
							,SECURE_YN
							,PORTS
							,DEFAULT_CONTEXT
							,USER_NM
							,DEFAULT_CONTEXT_YN	
							,USER_PW
							,CONTAINER1
							,DEFAULT_CONTEXT1_YN
							,CONTAINER2
							,DEFAULT_CONTEXT2_YN
							,CONTAINER3
							,DEFAULT_CONTEXT3_YN
							,CONTAINER4
							,DEFAULT_CONTEXT4_YN
							,CONTAINER5
							,DEFAULT_CONTEXT5_YN
							,INPUT_DT
							,INPUT_ID
							,INPUT_IP
    					  )
    	VALUES(
    	          #{ID }
    			, #{ID }
    			, #{LDAP_ADDR }
    			, #{SECURE_YN }
    			, #{PORTS }
    			, #{DEFAULT_CONTEXT }
    			, #{USER_NM }
    			, #{DEFAULT_CONTEXT_YN }
    			, #{USER_PW }
    			, #{CONTAINER1 }
				, #{DEFAULT_CONTEXT1_YN }
				, #{CONTAINER2 }
				, #{DEFAULT_CONTEXT2_YN }
				, #{CONTAINER3 }
				, #{DEFAULT_CONTEXT3_YN }
				, #{CONTAINER4 }
				, #{DEFAULT_CONTEXT4_YN }
				, #{CONTAINER5 }
				, #{DEFAULT_CONTEXT5_YN }
				, SYSDATE()
				, #{INPUT_ID }
				, #{INPUT_IP }
			  )
    </insert>
    
    <!-- UPDATE 절 -->
    <!-- LDAP_INFO 업데이트 -->
	<update id="LDAP_INFO_UPDATE" parameterType="itsMap">
		UPDATE LDAP_INFO 
		SET   LDAP_ADDR  = #{LDAP_ADDR }
			, PORTS      = #{PORTS }
			, SECURE_YN  = #{SECURE_YN }
			, DEFAULT_CONTEXT = #{DEFAULT_CONTEXT }
			, USER_NM    = #{USER_NM }
			, DEFAULT_CONTEXT_YN = #{DEFAULT_CONTEXT_YN }
			, USER_PW    = #{USER_PW }
			, CONTAINER1 = #{CONTAINER1 }
			, DEFAULT_CONTEXT1_YN = #{DEFAULT_CONTEXT1_YN }
			, CONTAINER2 = #{CONTAINER2 }
			, DEFAULT_CONTEXT2_YN = #{DEFAULT_CONTEXT2_YN }
			, CONTAINER3 = #{CONTAINER3 }
			, DEFAULT_CONTEXT3_YN = #{DEFAULT_CONTEXT3_YN }
			, CONTAINER4 = #{CONTAINER4 }
			, DEFAULT_CONTEXT4_YN = #{DEFAULT_CONTEXT4_YN }
			, CONTAINER5 = #{CONTAINER5 }
			, UPDT_DT = SYSDATE()
			, UPDT_ID = #{UPDT_ID }
			, UPDT_IP = #{UPDT_IP }
		WHERE ID = #{ID }
	</update>
    
    <!-- DELETE 절 -->

    
</mapper>