<?xml version="1.0" encoding="UTF-8"?>
<!DOCTYPE mapper PUBLIC "-//mybatis.org//DTD Mapper 3.0//EN" "http://mybatis.org/dtd/mybatis-3-mapper.dtd">
<mapper namespace="commonXml">
    <!-- 공통코드 SELECT 절 -->
    <select id="CONTINENT_SELECT" parameterType="itsMap" resultType="itsMap">
		SELECT TZ.CONTINENT
		  FROM TIME_ZONES TZ
		 GROUP BY TZ.CONTINENT
		 ORDER BY TZ.CONTINENT_ORDER ASC
		        , TZ.CONTINENT ASC
    </select>
    
    <select id="TIMEZONE_ALL_SELECT" parameterType="itsMap" resultType="itsMap">    
		SELECT TZ.UNLOCODE,
			   TZ.CONTINENT,
			   TZ.CITY
		  FROM TIME_ZONES TZ
		 WHERE 1=1 
		 ORDER BY TZ.CONTINENT_ORDER ASC, TZ.CONTINENT ASC, TZ.CITY ASC
    </select>

    <select id="TIMEZONE_SELECT" parameterType="itsMap" resultType="itsMap">    
		SELECT TZ.UNLOCODE,
			   TZ.CONTINENT,
			   TZ.CITY
		  FROM TIME_ZONES TZ
		 WHERE 1=1 
		   AND TZ.CONTINENT = (
		                       SELECT CONTINENT
							     FROM TIME_ZONES
							    WHERE 1=1 
							      AND UNLOCODE = (SELECT UNLOCODE FROM MEMBER WHERE MEMBER_ID = #{MEMBER_ID})
		                       )
		 ORDER BY TZ.CONTINENT_ORDER ASC, TZ.CONTINENT ASC, TZ.CITY ASC
    </select>

    <select id="TIMEZONE_SELECT2" parameterType="itsMap" resultType="itsMap">    
		SELECT TZ.UNLOCODE,
			   TZ.CONTINENT,
			   TZ.CITY
		  FROM TIME_ZONES TZ
		 WHERE 1=1 
		   AND TZ.CONTINENT = #{CONTINENT_VAL}
		 ORDER BY TZ.CONTINENT_ORDER ASC, TZ.CONTINENT ASC, TZ.CITY ASC
    </select>

	<select id="COMPANY_NM_SELECT" parameterType="itsMap" resultType="itsMap">
		SELECT ORG_KEY
			  ,ORG_NM
		FROM  ORGANIZATION
		WHERE USE_YN = 'Y'
	</select>  
</mapper>