<?xml version="1.0" encoding="UTF-8"?>
<!DOCTYPE mapper PUBLIC "-//mybatis.org//DTD Mapper 3.0//EN" "http://mybatis.org/dtd/mybatis-3-mapper.dtd">
<mapper namespace="customerXml">
	<!-- SELECT 절 -->
	<!-- 회사정보 가져오기 -->
    <select id="ORG_INFO_SELECT" parameterType="itsMap" resultType="itsMap">
		SELECT  ORG.ORG_NM
			,	IFNULL(SUBSTRING(ORG.ORG_LINK, 8, LENGTH(ORG.ORG_LINK)),'') AS ORG_LINK
	 		,	IFNULL(ORG.ORG_LOGO, '') AS ORG_LOGO
	 		,	IFNULL(ORG.ORG_ADDR1, '') AS ORG_ADDR1
	 		,	IFNULL(ORG.ORG_ADDR2, '') AS ORG_ADDR2
	 		,	ORG.ORG_KEY
	 		,	IFNULL(ORG.ORG_COUNTRY, '') AS ORG_COUNTRY
	 		,	IFNULL(ORG.ORG_ZIP, '') AS ORG_ZIP
	 		,	IFNULL(E.HOST_NM, '') AS HOST_NM
	 		,	IFNULL(E.PORTS, '') AS PORTS
	 		,	IFNULL(E.STARTTLS, 'N') AS STARTTLS
	 		,	IFNULL(E.AUTHEN, 'N') AS AUTHEN
	 		,	IFNULL(E.USER_ID, '') AS USER_ID
	 		,	IFNULL(E.USER_PW, '') AS USER_PW
	 		,	IFNULL(E.USE_YN , 'N') AS USE_YN
            ,	( SELECT COUNT(*)
	 				FROM ENDPOINTS END
	 			   WHERE END.USE_YN = 'Y'
	 			     AND END.ORG_KEY = ORG.ORG_KEY
	 			) AS CNT
	 		,	(SELECT COUNT(*)
	 			   FROM	E_MAIL
	 			  WHERE	ORG_KEY = ORG.ORG_KEY
	 			)AS MAIL_CNT
	 	    , 	IFNULL(M.MEMBER_ID,'NODATA') AS MEMBER_ID
		    , 	IFNULL(M.MEMBER_NM,'') AS MEMBER_NM
		    ,	IFNULL(M.MEMBER_PW,'') AS MEMBER_PW
		    , 	IFNULL(M.EMAIL,'') AS EMAIL
		    , 	IFNULL(M.MOBILE,'') AS MOBILE
		    , 	IFNULL(M.PHONE,'') AS PHONE
		    , 	IFNULL(M.DEFAULT_ADMIN_YN,'N') AS DEFAULT_ADMIN_YN
		    , 	IFNULL(M.UNLOCODE, 'NODATA') AS UNLOCODE
		 	,	(SELECT MIN(D.DEPT_CD) FROM DEPARTMENT D WHERE  ORG.ORG_KEY = D.ORG_KEY) AS DEPT_CD
	 		  	   FROM  ORGANIZATION ORG LEFT OUTER JOIN E_MAIL E ON ORG.ORG_KEY = E.ORG_KEY    
                 					      LEFT OUTER JOIN MEMBER M ON ORG.ORG_KEY = M.ORG_KEY
															      AND M.AUTH_CD = 'CD0102' 
															      AND M.DEFAULT_ADMIN_YN = 'Y'
		  WHERE ORG.USE_YN = 'Y'
		  <if test="KEY_WORD != null" >
			AND ORG.ORG_NM LIKE #{KEY_WORD }
		  </if> 
	 	  <if test="ORG_KEY != null" >
	 	   	AND ORG.ORG_KEY = #{ORG_KEY }
	 	  </if>
	 	  
    </select>
    
	<!-- 회자 MAX ORG_KEY SELECT -->
	<select id="ORG_MAX_SELECT" parameterType="itsMap" resultType="itsMap">
       SELECT  LPAD(IFNULL(MAX(ORG_KEY),'0')+1,10,'0') AS ORG_KEY
	     FROM  ORGANIZATION
	    WHERE  ORG_KEY NOT IN ('77')
	</select>
    
	<!-- EMAIL (ID) 중복체크하기위해 등록된 ID를 가져온다 -->
	<select id="EMAIL_SELECT" parameterType="itsMap" resultType="itsMap">
       SELECT    COUNT(*) AS CNT
		 FROM    MEMBER
		WHERE    LOWER(EMAIL) = LOWER(#{EMAIL })
	</select>
	
    <select id="DEPT_CD_MAX_SELECT" parameterType="itsMap" resultType="itsMap">
   	   SELECT  LPAD(IFNULL(MAX(DEPT_CD),'0')+1,4,'0') AS DEPT_CD
       FROM DEPARTMENT
    </select>
    
    <select id="GROUP_CD_MAX_SELECT" parameterType="itsMap" resultType="itsMap">
   	   SELECT  LPAD(IFNULL(MAX(DEPT_CD),'0')+1,4,'0') AS DEPT_CD
       FROM DEPARTMENT
    </select>
    
    <!-- MEMBER (ID) 중복체크하기위해 등록된 ID를 가져온다 -->
	<select id="MEMBER_ID_SELECT_CNT" parameterType="itsMap" resultType="itsMap">
       SELECT    COUNT(*) AS CNT
		 FROM    MEMBER
		WHERE    LOWER(MEMBER_ID) = LOWER(#{MEMBER_ID})
	</select>
    
    <!-- INSERT 절 -->
	<!-- 회사정보 Insert -->
	<insert id="ORGANIZATION_INSERT" parameterType="itsMap">
         INSERT INTO ORGANIZATION(ORG_KEY
         						, ORG_NM
	                            , ORG_LOGO
	                            , ORG_ADDR1
	                            , ORG_ADDR2
	                            , ORG_COUNTRY
	                            , ORG_ZIP
	                            , INPUT_DT
	                            , INPUT_ID
	                            , INPUT_IP
	                            , USE_YN
	                            )
				          VALUES(#{ORG_KEY }
				          	   , #{ORG_NM }
				               , #{ORG_LOGO }
				               , #{ORG_ADDR1 }
				               , #{ORG_ADDR2 }
				               , #{ORG_COUNTRY }
				               , #{ORG_ZIP }
				               , SYSDATE() 
				               , #{INPUT_ID }
				               , #{INPUT_IP }
				               , 'Y'
				               )
    </insert>
    
    <!-- Member정보 Insert -->
	<insert id="ORG_MEMBER_INSERT" parameterType="itsMap">
          INSERT INTO MEMBER(MEMBER_ID
                           , MEMBER_NM
                           , MEMBER_PW
                           , EMAIL
                           , MOBILE
                           , PHONE
                           , AUTH_CD
                           , ORG_KEY
                           , DEFAULT_ADMIN_YN
                           , INPUT_DT
                           , INPUT_ID
                           , INPUT_IP
                           , UNLOCODE 
                           )
           VALUES(#{MEMBER_ID }
                , #{MEMBER_NM }
                , #{MEMBER_PW }
                , #{EMAIL }
                , #{MOBILE }
                , #{PHONE }
                , 'CD0102'
                , #{ORG_KEY }
                , 'Y'
                , SYSDATE()
                , #{INPUT_ID }
                , #{INPUT_IP }
                , #{UNLOCODE }
                )
    </insert>
    
	<!-- MAIL SETTING INSERT  -->
	<insert id="MAIL_INSERT" parameterType="itsMap">
          INSERT INTO E_MAIL(HOST_NM
                           , PORTS
                           , STARTTLS
                           , AUTHEN
                           , USER_ID
                           , USER_PW
                           , INPUT_DT
                           , INPUT_ID
                           , INPUT_IP
                           , ORG_KEY
                           , USE_YN
                           )
           VALUES(#{HOST_NM }
                , #{PORTS }
                , #{STARTTLS }
                , #{AUTHEN }
                , #{USER_ID }
                , #{USER_PW }
                , SYSDATE()
                , #{INPUT_ID }
                , #{INPUT_IP }
                , #{ORG_KEY }
                , #{USE_YN }
                )
    </insert>
    
    <!-- 부서 추가 -->
   	<insert id="DEPT_INSERT" parameterType="itsMap">
	   INSERT INTO DEPARTMENT(DEPT_CD, ORG_KEY, DEPT_NM, PAR_CD, LEVEL, LEFT_SEQ, RIGHT_SEQ
	                        , INPUT_DT, INPUT_IP, INPUT_ID  )
	   VALUES( #{DEPT_CD }, #{ORG_KEY }, #{DEPT_NM }, #{PAR_CD }, #{LEVEL },  #{LEFT_SEQ } + 1, #{LEFT_SEQ } + 2
	        , SYSDATE(), #{INPUT_IP }, #{INPUT_ID } )
	</insert>
	
 	<!-- 그룹 추가 -->
   	<insert id="EP_GROUP_INSERT" parameterType="itsMap">
	   INSERT INTO DEPARTMENT( 
	                         DEPT_CD, ORG_KEY, DEPT_NM, PAR_CD, LEVEL, LEFT_SEQ, RIGHT_SEQ
	                       , INPUT_DT, INPUT_IP, INPUT_ID 
	                       )
	                 VALUES( #{DEPT_CD }, #{ORG_KEY }, #{DEPT_NM }, #{PAR_CD }, #{LEVEL },  #{LEFT_SEQ } + 1, #{LEFT_SEQ } + 2
	                       , SYSDATE(), #{INPUT_IP }, #{INPUT_ID } )
	</insert>
    
    <!-- UPDATE 절 -->
	<!-- 회사정보 업데이트  -->
	<update id="ORGANIZATION_UPDATE" parameterType="itsMap">
		UPDATE  ORGANIZATION 
		   SET  ORG_LOGO    = #{ORG_LOGO }
			  , ORG_ADDR1   = #{ORG_ADDR1 }
			  , ORG_ADDR2   = #{ORG_ADDR2 }
			  , ORG_LINK    = #{ORG_LINK }
			  , ORG_COUNTRY = #{ORG_COUNTRY }
			  , ORG_ZIP		= #{ORG_ZIP }
			  , UPDT_DT     = SYSDATE()
			  , UPDT_ID     = #{UPDT_ID } 
              , UPDT_IP     = #{UPDT_IP }
		 WHERE  ORG_KEY     = #{ORG_KEY }	   
	</update>    
    
	<!-- 회사 대표 사용자 정보 업데이트 -->
	<update id="ORG_MEMBER_UPDATE" parameterType="itsMap">
		UPDATE	MEMBER
		   SET	MEMBER_NM = #{MEMBER_NM }
		   	,	MEMBER_PW = #{MEMBER_PW }
		   	,	MOBILE	  = #{MOBILE }
		   	,	PHONE	  = #{PHONE }
		   	,	EMAIL	  = #{EMAIL }
		   	,	AUTH_CD   = 'CD0102'
		   	,	ORG_KEY   = #{ORG_KEY }
		   	,	UPDT_DT   = SYSDATE()
		   	,	UPDT_ID   = #{UPDT_ID }
		   	,	UPDT_IP   = #{UPDT_IP }
		   	,   UNLOCODE  = #{UNLOCODE }
		   	,	DEFAULT_ADMIN_YN = 'Y'
		 WHERE	MEMBER_ID = #{MEMBER_ID }
		 	
	</update>
	
    <!-- MAIL SETTING 넣기 udpate -->
    <update id="MAIL_UPDATE" parameterType="itsMap">
    	UPDATE E_MAIL
    	   SET HOST_NM   = #{HOST_NM }
    	   	 , PORTS     = #{PORTS }
    	   	 , STARTTLS  = #{STARTTLS }
    	   	 , AUTHEN    = #{AUTHEN }
    	   	 , USER_ID   = #{USER_ID }
    	   	 , USER_PW   = #{USER_PW }
    	   	 , UPDT_DT   = SYSDATE() 
             , UPDT_ID   = #{UPDT_ID }     
             , UPDT_IP   = #{UPDT_IP }
             , USE_YN	 = #{USE_YN }
		 WHERE ORG_KEY   = #{ORG_KEY }
    </update>
    
   	<!-- 부서 추가 UPDATE 1 -->
	<update id="DEPT_INSERT_UPDATE_FIRST" parameterType="itsMap">
		UPDATE DEPARTMENT 
		   SET RIGHT_SEQ = RIGHT_SEQ + 2
		 WHERE ORG_KEY   = #{ORG_KEY }
		   AND RIGHT_SEQ > #{LEFT_SEQ }
   	</update>
   	
 	<!-- 부서 추가 UPDATE 2 -->
 	<update id="DEPT_INSERT_UPDATE_SECOND" parameterType="itsMap">
	   	UPDATE DEPARTMENT 
		   SET LEFT_SEQ = LEFT_SEQ + 2
		 WHERE ORG_KEY  = #{ORG_KEY }
		   AND LEFT_SEQ > #{LEFT_SEQ }
	</update>
	
	<!-- 부서 변경 -->
	<update id="DEPT_UPDATE" parameterType="itsMap">
		UPDATE DEPARTMENT 
		   SET DEPT_NM   = #{DEPT_NM }
			  , UPDT_DT  = SYSDATE()
			  , UPDT_ID  = #{UPDT_ID }
			  , UPDT_IP  = #{UPDT_IP }
		WHERE DEPT_CD    = #{DEPT_CD }
	</update>
	
   	<!-- 부서 삭제 UPDATE 1 -->
	<update id="DEPT_DELETE_UPDATE_FIRST" parameterType="itsMap">
		UPDATE DEPARTMENT 
		   SET RIGHT_SEQ = RIGHT_SEQ - ( #{RIGHT_SEQ } - #{LEFT_SEQ } + 1 )
		 WHERE ORG_KEY   = #{ORG_KEY }
		   AND RIGHT_SEQ > #{RIGHT_SEQ }
   	</update>
   	
 	<!-- 부서 삭제 UPDATE 2 -->
 	<update id="DEPT_DELETE_UPDATE_SECOND" parameterType="itsMap">
	   	UPDATE DEPARTMENT 
		   SET LEFT_SEQ = LEFT_SEQ - ( #{RIGHT_SEQ } - #{LEFT_SEQ } + 1 )
		 WHERE ORG_KEY  = #{ORG_KEY }
		   AND LEFT_SEQ > #{RIGHT_SEQ }
	</update>
	
 	<!-- 그룹 추가 UPDATE 1 -->
	<update id="GROUP_INSERT_UPDATE_FIRST" parameterType="itsMap">
		UPDATE DEPARTMENT 
		   SET RIGHT_SEQ = RIGHT_SEQ + 2
		 WHERE ORG_KEY   = #{ORG_KEY }
		   AND RIGHT_SEQ > #{LEFT_SEQ }
   	</update>
   	
 	<!-- 그룹 추가 UPDATE 2 -->
 	<update id="GROUP_INSERT_UPDATE_SECOND" parameterType="itsMap">
	   	UPDATE DEPARTMENT 
		   SET LEFT_SEQ = LEFT_SEQ + 2
		 WHERE ORG_KEY  = #{ORG_KEY }
		   AND LEFT_SEQ > #{LEFT_SEQ }
	</update>
	
	<!-- 그룹 변경 -->
	<update id="EP_GROUP_UPDATE" parameterType="itsMap">
		UPDATE DEPARTMENT 
		   SET DEPT_NM   = #{DEPT_NM }
			  , UPDT_DT  = SYSDATE()
			  , UPDT_ID  = #{UPDT_ID }
			  , UPDT_IP  = #{UPDT_IP }
		WHERE DEPT_CD    = #{DEPT_CD }
	</update>
	
 	<!-- 그룹 삭제 UPDATE 1 -->
	<update id="GROUP_DELETE_UPDATE_FIRST" parameterType="itsMap">
		UPDATE DEPARTMENT 
		   SET RIGHT_SEQ = RIGHT_SEQ - ( #{RIGHT_SEQ } - #{LEFT_SEQ } + 1 )
		 WHERE ORG_KEY   = #{ORG_KEY }
		   AND RIGHT_SEQ > #{RIGHT_SEQ }
   	</update>
   	
 	<!-- 그룹 삭제 UPDATE 2 -->
 	<update id="GROUP_DELETE_UPDATE_SECOND" parameterType="itsMap">
	   	UPDATE DEPARTMENT 
		   SET LEFT_SEQ = LEFT_SEQ - ( #{RIGHT_SEQ } - #{LEFT_SEQ } + 1 )
		 WHERE ORG_KEY  = #{ORG_KEY }
		   AND LEFT_SEQ > #{RIGHT_SEQ }
	</update>
	
    <!-- DELETE 절 -->
	<!-- 부서 삭제 -->
    <delete id="DEPT_DELETE" parameterType="itsMap">
       DELETE FROM DEPARTMENT
        WHERE DEPT_CD = #{DEPT_CD }
    </delete>
    
    <!-- 그룹 삭제 -->
    <delete id="EP_GROUP_DELETE" parameterType="itsMap">
       DELETE FROM DEPARTMENT
        WHERE DEPT_CD = #{DEPT_CD }
    </delete>
	
</mapper>