<?xml version="1.0" encoding="UTF-8"?>
<!DOCTYPE mapper PUBLIC "-//mybatis.org//DTD Mapper 3.0//EN" "http://mybatis.org/dtd/mybatis-3-mapper.dtd">
<mapper namespace="endpointXml">
	<!-- SELECT 절 -->
	<!-- COMPANY SELECT -->
	<select id="COMPANY_TOTAL_SELECT" parameterType="itsMap" resultType="itsMap">
		SELECT	COUNT(ORG_KEY) AS TOTAL_CNT 
		FROM  ORGANIZATION
		WHERE USE_YN = 'Y'
		  AND ORG_NM LIKE #{ORG_NM }
	</select>
	
	<select id="COMPANY_SELECT" parameterType="itsMap" resultType="itsMap">
		SELECT	ORG_NM        /* 기관이름 */
		      , ORG_KEY       /* 기관이름 */
		FROM  ORGANIZATION
		WHERE USE_YN = 'Y'
		AND ORG_NM LIKE #{ORG_NM }
		<if test="FETCH != null" >
			LIMIT #{NPAGE }, #{FETCH }
		</if> 
	</select>
	
	<!-- BRANCH SELECT -->
	<select id="BRANCH_SELECT" parameterType="itsMap" resultType="itsMap">
		SELECT	  DEPT_CD  /* 부서코드 */
				, ORG_KEY  /* 기관 KEY */
				, DEPT_NM  /* 부서명 */
				, PAR_CD   /* 상위코드 */
				, LEVEL
				, LEFT_SEQ
				, RIGHT_SEQ
		  FROM  DEPARTMENT
		 WHERE  ORG_KEY = #{ORG_KEY }
		  ORDER BY LEVEL, DEPT_CD
	</select>
	
	<select id="TREE_BRANCH_SELECT" parameterType="itsMap" resultType="itsMap">
		SELECT *
		  FROM (
				SELECT DEPT_CD AS CODE 			/* 부서코드 */
					 , ORG_KEY  				/* 기관 KEY */
					 , DEPT_NM  				/* 부서명 */
					 , PAR_CD  AS PARENT_CD 	/* 상위코드 */
					 , LEVEL
					 , LEFT_SEQ
					 , RIGHT_SEQ
				  FROM DEPARTMENT_USER
				 WHERE ORG_KEY = #{ORG_KEY }
				   AND DEPT_CD IN (SELECT PAR_CD FROM DEPARTMENT_USER WHERE ORG_KEY = #{ORG_KEY } AND DEPT_NM LIKE #{DEPT_NM } )
				 UNION
				SELECT DEPT_CD AS CODE 			/* 부서코드 */
					 , ORG_KEY  				/* 기관 KEY */
					 , DEPT_NM  				/* 부서명 */
					 , PAR_CD  AS PARENT_CD 	/* 상위코드 */
					 , LEVEL
					 , LEFT_SEQ
					 , RIGHT_SEQ
				  FROM DEPARTMENT_USER
				 WHERE ORG_KEY = #{ORG_KEY }
				   AND DEPT_NM LIKE #{DEPT_NM }
		       ) M
		 ORDER BY LEVEL, CODE
	</select>
    
   	<select id="SELECT_ENDPOINT_LIST" parameterType="itsMap" resultType="itsMap">
   	
		SELECT  DISPLAY_NM
		      , ENDPOINT_NM
		      , ENDPOINT_KEY
		      , ENDPOINT_IP
		      , PROTOCOL
		      , CISCO_ID
		      , CISCO_PW
		  FROM  ENDPOINTS
		 <if test="ENDPOINT_TYPE != ''" >
			 WHERE  ENDPOINT_TYPE = #{ENDPOINT_TYPE }
		 </if> 
		 ORDER BY ENDPOINT_KEY

   	</select>
   	
   	<!-- 엔드포인트 가져오기 -->
   	<select id="SELECT_GET_ENDPOINT_Y" parameterType="itsMap" resultType="itsMap">

		SELECT ENDPOINT_KEY
			 , DISPLAY_NM
			 , ENDPOINT_TYPE
			 , USE_YN
		  FROM ENDPOINTS EP
		 WHERE 1=1
		   AND USE_YN = 'Y'
		 ORDER BY DISPLAY_NM
		 
   	</select>
   	
   	<!-- 엔드포인트 가져오기 -->
   	<select id="SELECT_GET_ENDPOINT_N" parameterType="itsMap" resultType="itsMap">

		SELECT ENDPOINT_KEY
			 , DISPLAY_NM
			 , ENDPOINT_TYPE
			 , USE_YN
		  FROM ENDPOINTS EP
		 WHERE 1=1
		   AND USE_YN = 'N'
		 ORDER BY DISPLAY_NM
		 
   	</select>
   	
   	<!-- 엔드포인트 개수 가져오기 -->
   	<select id="SELECT_GET_ENDPOINT_Y_CNT" parameterType="itsMap" resultType="itsMap">
		SELECT count(ENDPOINT_KEY) as Y_CNT
		  FROM ENDPOINTS EP
		 WHERE 1=1
		   AND USE_YN = 'Y'
		 ORDER BY DISPLAY_NM
   	</select>
   	
   	<!-- 엔드포인트 개수 가져오기 -->
   	<select id="SELECT_GET_ENDPOINT_N_CNT" parameterType="itsMap" resultType="itsMap">
		SELECT count(ENDPOINT_KEY) as N_CNT
		  FROM ENDPOINTS EP
		 WHERE 1=1
		   AND USE_YN = 'N'
		 ORDER BY DISPLAY_NM
   	</select>
   	

   	<!-- 라이센스 max,use -->
   	<select id="SELECT_LICENSE_CNT" parameterType="itsMap" resultType="itsMap">
   	
		SELECT(
		        SELECT COUNT(*) 
		          FROM ENDPOINTS END 
		         WHERE END.USE_YN = 'Y'
		           AND END.ENDPOINT_TYPE IN (      
		                                     SELECT  CODE_CD
		                                       FROM  SYS_CODE  
		                                      WHERE  GROUP_CD = 'CD03'
		                                      <if test='LICENSE_SEACH_TYPE.equals("ENDPOINT") '>  
									    	 	AND  CODE_CD NOT IN ('CD0303','CD0304')
									    	  </if>
									    	  <if test='LICENSE_SEACH_TYPE.equals("JABBER") '>
		                                        AND  CODE_CD IN ('CD0303','CD0304')
		                                      </if>
		                                    )
		      ) AS USE_CNT
		    , (	
		    	SELECT SUM(CNT) 
		    	  FROM LICENSE
		    	 <if test='LICENSE_SEACH_TYPE.equals("ENDPOINT") '>
	    	 	 WHERE TYPE = 'CD0802'
		    	 </if>
		    	 <if test='LICENSE_SEACH_TYPE.equals("JABBER") '>
				 WHERE TYPE = 'CD0803'
		    	 </if> 
		      ) AS MAX_CNT
   	
   	</select>
   	
	<select id="BRANCH_ENDPOINT_SELECT" parameterType="itsMap" resultType="itsMap">
		SELECT	  DEPT_CD  /* 부서코드 */
				, ORG_KEY  /* 기관 KEY */
				, DEPT_NM  /* 부서명 */
				, PAR_CD   /* 상위코드 */
				, LEVEL
		        , '' AS ENDPOINT_KEY
		        , 'deptIcon' AS ICON
				, LEFT_SEQ
				, RIGHT_SEQ
				, CONCAT(ORG_KEY,'00000') AS ORG_CD
		  FROM  DEPARTMENT
		 WHERE  ORG_KEY =  #{ORG_KEY }
		 UNION  ALL
		SELECT	  '9999' AS DEPT_CD  /* 부서코드 */
				, EP.ORG_KEY 
				, EP.DISPLAY_NM AS DEPT_NM
				, EP.DEPT_CD AS PAR_CD
				, DEPT.LEVEL +1 AS LEVEL
		        , EP.ENDPOINT_KEY
		        , 'endpointIcon' AS ICON
				, DEPT.LEFT_SEQ
				, DEPT.RIGHT_SEQ
				, CONCAT(EP.ORG_KEY,'00000') AS ORG_CD
		  FROM  DEPARTMENT DEPT  ,
		(
		    SELECT   ENDPOINT_KEY       /* 장비 KEY */
		           , DISPLAY_NM         /* 보여주기 명 */
		           , DEPT_CD            /* 부서코드 */
		           , ORG_KEY            /* 기관 KEY */ 
		      FROM   ENDPOINTS
		     WHERE   USE_YN = 'Y'
		       AND   ORG_KEY =  #{ORG_KEY }
		       AND   DEPT_CD IS NOT NULL
		)EP 
		 WHERE  DEPT.DEPT_CD = EP.DEPT_CD
		   AND  DEPT.ORG_KEY = #{ORG_KEY }
		  ORDER BY LEVEL, DEPT_NM  
	</select>
	
	<select id="TREE_BRANCH_ENDPOINT_SELECT" parameterType="itsMap" resultType="itsMap">
		SELECT *
		  FROM (
			    SELECT	  DEPT_CD  /* 부서코드 */
						, ORG_KEY  /* 기관 KEY */
						, DEPT_NM  /* 부서명 */
						, PAR_CD   /* 상위코드 */
						, LEVEL
				        , '' AS ENDPOINT_KEY
				        , 'deptIcon' AS ICON
						, LEFT_SEQ
						, RIGHT_SEQ
						, CONCAT(ORG_KEY,'00000') AS ORG_CD
				  FROM  DEPARTMENT
				 WHERE  ORG_KEY =  #{ORG_KEY }
				   AND  DEPT_CD IN (SELECT PAR_CD FROM DEPARTMENT WHERE ORG_KEY = #{ORG_KEY } AND DEPT_NM LIKE UPPER( #{DEPT_NM } ) )
				 UNION 
				SELECT	  DEPT_CD  /* 부서코드 */
						, ORG_KEY  /* 기관 KEY */
						, DEPT_NM  /* 부서명 */
						, PAR_CD   /* 상위코드 */
						, LEVEL
				        , '' AS ENDPOINT_KEY
				        , 'deptIcon' AS ICON
						, LEFT_SEQ
						, RIGHT_SEQ
						, CONCAT(ORG_KEY,'00000') AS ORG_CD
				  FROM  DEPARTMENT
				 WHERE  ORG_KEY =  #{ORG_KEY }
				   AND  UPPER(DEPT_NM) LIKE UPPER( #{DEPT_NM } )
				 UNION
				 SELECT LPAD((@ROWNUM := @ROWNUM + 1), 4, '9000') AS DEPT_CD
					  , ORG_KEY
					  , DEPT_NM
					  , PAR_CD
					  , LEVEL
					  , ENDPOINT_KEY
					  , ICON
					  , LEFT_SEQ
					  , RIGHT_SEQ
					  , ORG_CD 
				  FROM (
					      SELECT  EP.ORG_KEY 
								, EP.DISPLAY_NM AS DEPT_NM
								, EP.DEPT_CD AS PAR_CD
								, DEPT.LEVEL +1 AS LEVEL
						        , EP.ENDPOINT_KEY
						        , 'endpointIcon' AS ICON
								, DEPT.LEFT_SEQ
								, DEPT.RIGHT_SEQ
								, CONCAT(EP.ORG_KEY,'00000') AS ORG_CD
						  FROM  DEPARTMENT DEPT  ,
						       (
							    SELECT   ENDPOINT_KEY       /* 장비 KEY */
							           , DISPLAY_NM         /* 보여주기 명 */
							           , DEPT_CD            /* 부서코드 */
							           , ORG_KEY            /* 기관 KEY */ 
							      FROM   ENDPOINTS
							     WHERE   USE_YN = 'Y'
							       AND   ORG_KEY =  #{ORG_KEY }
							       AND   UPPER(DISPLAY_NM) LIKE UPPER( #{DEPT_NM } )
							       AND   DEPT_CD IS NOT NULL
						       ) EP 
						 WHERE  DEPT.DEPT_CD = EP.DEPT_CD
						   AND  DEPT.ORG_KEY = #{ORG_KEY }
						   AND  UPPER(EP.DISPLAY_NM) LIKE UPPER( #{DEPT_NM } )
					   ) A
				 WHERE (@ROWNUM := 0) = 0
			   ) M
 		ORDER BY LEVEL, DEPT_NM

	</select>
	
	<!-- ENDPOINT SELECT -->
	<select id="ENDPOINT_SELECT" parameterType="itsMap" resultType="itsMap">
		SELECT	E.ENDPOINT_NM
			,	E.DISPLAY_NM
			,	E.DESCRIPTION
			,	E.COLOR
			,	E.DIR_NUM
			,   E.UNLOCODE
			,	E.CAPACITY
<!-- 			,   E.REBOOT_YN -->
			,   E.ARENA_YN
			,   E.ENDPOINT_KEY
			,   E.ENDPOINT_IP
			,   E.CISCO_ID
			,   E.CISCO_PW
			,   E.PROTOCOL
		FROM  ENDPOINTS E
		WHERE E.ENDPOINT_KEY = #{ENDPOINT_KEY }
	</select>
	
	<!-- GROUP BRANCH SELECT -->
	<select id="GROUP_BRANCH_SELECT" parameterType="itsMap" resultType="itsMap">
		SELECT	  DEPT_CD  /* 부서코드 */
				, ORG_KEY  /* 기관 KEY */
				, DEPT_NM  /* 부서명 */
				, PAR_CD   /* 상위코드 */
				, LEVEL
				, LEFT_SEQ
				, RIGHT_SEQ
		  FROM  DEPARTMENT
		 WHERE  ORG_KEY = #{ORG_KEY }
		  ORDER BY LEVEL, DEPT_CD
	</select>
	
	<!-- TREE GROUP BRANCH SELECT -->
	<select id="TREE_GROUP_BRANCH_SELECT" parameterType="itsMap" resultType="itsMap">
		SELECT *
		  FROM (
				SELECT	  DEPT_CD  /* 부서코드 */
						, ORG_KEY  /* 기관 KEY */
						, DEPT_NM  /* 부서명 */
<!-- 						, IFNULL(DEPT_NM_ENG,'') AS DEPT_NM_ENG /* 부서명(영문) */ -->
						, PAR_CD   /* 상위코드 */
						, LEVEL
						, LEFT_SEQ
						, RIGHT_SEQ
				  FROM  DEPARTMENT
				 WHERE  ORG_KEY = #{ORG_KEY }
				   AND  DEPT_CD IN ( SELECT PAR_CD FROM DEPARTMENT WHERE ORG_KEY = #{ORG_KEY } AND UPPER(DEPT_NM) LIKE UPPER( #{DEPT_NM } ) )
				 UNION
				SELECT	  DEPT_CD  /* 부서코드 */
						, ORG_KEY  /* 기관 KEY */
						, DEPT_NM  /* 부서명 */
<!-- 						, IFNULL(DEPT_NM_ENG,'') AS DEPT_NM_ENG  /* 부서명(영문) */ -->
						, PAR_CD   /* 상위코드 */
						, LEVEL
						, LEFT_SEQ
						, RIGHT_SEQ
				  FROM  DEPARTMENT
				 WHERE  ORG_KEY = #{ORG_KEY }
				   AND  UPPER(DEPT_NM) LIKE UPPER( #{DEPT_NM } )
		       ) M
		 ORDER BY LEVEL, DEPT_CD
	</select>
	
	<select id="INACTIVE_ENDPOINT_SELECT" parameterType="itsMap" resultType="itsMap">
		SELECT   DISPLAY_NM
			   , ENDPOINT_KEY       
			   , DEPT_CD    
			   , ORG_KEY
		  FROM ENDPOINTS
		 WHERE USE_YN = 'Y'
		   AND ACTIVE_YN = 'N'   
		   ORDER BY DISPLAY_NM
	</select>
	
	<select id="ACTIVE_ENDPOINT_SELECT" parameterType="itsMap" resultType="itsMap">
		SELECT   DISPLAY_NM
			   , ENDPOINT_KEY       
			   , DEPT_CD    
			   , ORG_KEY
			   , ENDPOINT_TYPE   
		  FROM ENDPOINTS
		 WHERE USE_YN = 'Y'
		   AND ACTIVE_YN = 'Y'     
		   AND ORG_KEY = #{ORG_KEY }
		   AND DEPT_CD = #{DEPT_CD }
		   ORDER BY DISPLAY_NM
	</select>
   	
<!--    	<select id="SELECT_CHECK_ENDPOINT" parameterType="itsMap" resultType="itsMap"> -->
<!-- 		SELECT COUNT(*) AS CNT -->
<!-- 		  FROM ENDPOINTS -->
<!-- 		 WHERE DIR_NUM = #{DIR_NUM }    -->
		
<!-- 	</select> -->
   	
   	<select id="SELECT_CHECK_ENDPOINT" parameterType="itsMap" resultType="itsMap">
		SELECT COUNT(*) AS CNT
		  FROM ENDPOINTS
		 WHERE ENDPOINT_KEY = #{ENDPOINT_KEY }   
		
	</select>
   	
   	<select id="SELECT_ENDPOINT_KEY" parameterType="itsMap" resultType="itsMap">
		SELECT LPAD(IFNULL(MAX(ENDPOINT_KEY),'0') + 1, 10, '0') AS ENDPOINT_KEY 
   	      FROM ENDPOINTS 
   	</select>
    
    <!-- INSERT 절 -->
   	<insert id="INSERT_ENDPOINT_INFO" parameterType="itsMap">

   		INSERT INTO ENDPOINTS 
   		(
   			  ENDPOINT_KEY
   			, ORG_KEY
			, ENDPOINT_NM
			, DISPLAY_NM
			, ENDPOINT_IP
			, PORTS
			, ENDPOINT_TYPE
			, ACTIVE_YN
			, USE_YN
			, INPUT_DT
			, INPUT_IP
			, INPUT_ID
			, UNLOCODE
			, CAPACITY
			, PROTOCOL
			, CISCO_ID
			, CISCO_PW
   		)
   	VALUES
   		(
   			  #{ENDPOINT_KEY }
   			, #{ORG_KEY }
   			, #{ENDPOINT_NM }
   			, #{DISPLAY_NM }
			, #{ENDPOINT_IP }
			, '0'
   			, #{ENDPOINT_TYPE }
   			, 'N'
   			, 'N'
   			, SYSDATE()
			, #{INPUT_IP }
			, #{INPUT_ID }
			, #{UNLOCODE }
			, '1'
			, #{PROTOCOL }
			, #{CISCO_ID }
			, #{CISCO_PW }
   		)
   	</insert>
        
	<!-- ENDPOINT 부서에 등록하기 -->
	<update id="ENDPOINT_REG_UPDATE" parameterType="itsMap">
		UPDATE ENDPOINTS 
		   SET  DEPT_CD    = #{DEPT_CD }
		   	  , ORG_KEY    = #{ORG_KEY }		
			  , UPDT_DT    = SYSDATE()
			  , UPDT_ID    = #{UPDT_ID }
			  , UPDT_IP    = #{UPDT_IP }
			  , ACTIVE_YN  = #{ACTIVE_YN }
		WHERE ENDPOINT_KEY = #{ENDPOINT_KEY }	   
		  AND USE_YN = 'Y'   
	</update>
	
    <!-- UPDATE 절 -->
   	<update id="UPDATE_ENDPOINT_INFO" parameterType="itsMap">
   		UPDATE ENDPOINTS
			SET
				ENDPOINT_NM   = #{ENDPOINT_NM } 
			  	, DISPLAY_NM  = #{DISPLAY_NM }
			  	, ENDPOINT_IP = #{ENDPOINT_IP }  
			  	, UPDT_DT	  = SYSDATE()
   			  	, UPDT_ID	  = #{UPDT_ID }
			  	, UPDT_IP	  = #{UPDT_IP }
			  	, PROTOCOL    = #{PROTOCOL }
			  	, CISCO_ID    = #{CISCO_ID }
			  	, CISCO_PW    = #{CISCO_PW }
		  WHERE ENDPOINT_KEY  = #{ENDPOINT_KEY }
   	</update>
   	
   	<!--  엔드포인드 ACTIVE -->
   	<update id="UPDATA_ENDPOINT_ACTIVE" parameterType="itsMap">
   	
	   	UPDATE ENDPOINTS
		   SET USE_YN = #{USE_YN }
		 WHERE ENDPOINT_KEY = #{ENDPOINT_KEY }
   	
   	</update>

	<!-- ENDPOINT 업데이트 -->
	<update id="ENDPOINT_UPDATE" parameterType="itsMap">
		UPDATE ENDPOINTS END 
		   SET  END.DISPLAY_NM  = #{DISPLAY_NM }
			  , END.DESCRIPTION	= #{DESCRIPTION }
			  , END.COLOR		= #{COLOR }
			  , END.UPDT_DT		= SYSDATE()
			  , END.UNLOCODE	= #{UNLOCODE }
			  , END.UPDT_ID		= #{UPDT_ID }
			  ,	END.UPDT_IP		= #{UPDT_IP }
			  ,	END.ENDPOINT_IP	= #{ENDPOINT_IP }
			  ,	END.CISCO_ID	= #{CISCO_ID }
			  ,	END.CISCO_PW	= #{CISCO_PW }
			  ,	END.PROTOCOL	= #{PROTOCOL }
<!-- 			  ,	END.LOCATION	= #{LOCATION } -->
<!-- 			  ,	END.REBOOT_YN	= #{REBOOT_YN } -->
<!-- 			  , END.CAPACITY	= #{CAPACITY } -->
<!-- 			  ,	END.NAME		= #{NAME } -->
<!-- 			  ,	END.MODEL	= #{MODEL } -->
		WHERE END.ENDPOINT_KEY  = #{ENDPOINT_KEY }	   
	</update>
	
    <!-- DELETE 절 -->
   	<delete id="DELETE_ENDPOINT_INFO" parameterType="itsMap">
   		
   		DELETE FROM ENDPOINTS
   		WHERE ENDPOINT_KEY = #{ENDPOINT_KEY }
   		
   	</delete>

    
</mapper>