<?xml version="1.0" encoding="UTF-8"?>
<!DOCTYPE mapper PUBLIC "-//mybatis.org//DTD Mapper 3.0//EN" "http://mybatis.org/dtd/mybatis-3-mapper.dtd">
<mapper namespace="loginXml">
    
    <select id="loginCheck" parameterType="itsMap" resultType="itsMap">
        SELECT A.USER_ID, A.USER_NM, A.PWD,
               IF(A.PWD = #{USER_PWD, jdbcType=VARCHAR }, 'Y', 'N') AS PWD_YN
          FROM 
              (
               SELECT '123' AS USER_ID, 'Administrator' AS USER_NM, '123' AS PWD
                 FROM DUAL
                UNION ALL
               SELECT '456' AS USER_ID, 'Test' AS USER_NM, '123' AS PWD
                 FROM DUAL
                UNION ALL
               SELECT '789' AS USER_ID, 'Test' AS USER_NM, '123' AS PWD
                 FROM DUAL
               ) A
         WHERE A.USER_ID = #{USER_ID, jdbcType=VARCHAR }
    </select>
    
    <select id="userCheck_bak" parameterType="itsMap" resultType="itsMap">
        SELECT USE_YN
             , MEMBER_ID
             , MEMBER_NM
             , MEMBER_PW
             , EMAIL
             , ORG_KEY
             , AUTH_CD
             , UNLOCODE
             , IF(AUTH_CD = 'CD0101'  ,'Y','N') AS CHK
             , (select convert(get_offset(now(), M.UNLOCODE), SIGNED)) AS OFFSET
             , IFNULL(MOBILE,'') AS PHONE
          FROM MEMBER M
         WHERE MEMBER_ID = #{USER_ID, jdbcType=VARCHAR }
<!--          , (SELECT GMT_OFFSET FROM TIME_ZONES T WHERE UNLOCODE = M.UNLOCODE) AS OFFSET -->
<!--          AND MEMBER_PW =#{USER_PWD, jdbcType=VARCHAR } -->
    </select>
    
    
    <select id="userCheck" parameterType="itsMap" resultType="itsMap">
        SELECT M.USE_YN
             , M.MEMBER_ID
             , M.MEMBER_NM
             , M.MEMBER_PW
             , M.EMAIL
             , M.ORG_KEY
             , M.AUTH_CD
             , IF(M.AUTH_CD = 'CD0101'  ,'Y','N') AS CHK
             , (select convert(get_offset(now(), IFNULL(T.UNLOCODE,'Asia/Seoul')), SIGNED)) AS GMT_OFFSET
<!--              , (SELECT GMT_OFFSET FROM TIME_ZONES WHERE UNLOCODE = M.UNLOCODE) AS GMT_OFFSET -->
             , IFNULL(T.UNLOCODE,'Asia/Seoul') AS UNLOCODE
          FROM MEMBER M
          LEFT OUTER JOIN MEMBER_TIMEZONE T
          ON M.MEMBER_ID = T.MEMBER_ID
         WHERE M.MEMBER_ID = #{USER_ID, jdbcType=VARCHAR }
    </select>
    
    
    <select id="adminCheck" parameterType="itsMap" resultType="itsMap">
        SELECT USE_YN
             , MEMBER_ID
             , MEMBER_NM
             , MEMBER_PW
             , EMAIL
             , ORG_KEY
             , AUTH_CD
             , UNLOCODE
             , IF(AUTH_CD = 'CD0101'  ,'Y','N') AS CHK
             , '9' AS GMT_OFFSET
             , IFNULL(MOBILE,'') AS PHONE
          FROM MEMBER
         WHERE  AUTH_CD = 'CD0101'
          AND MEMBER_ID = #{USER_ID, jdbcType=VARCHAR }
          AND MEMBER_PW = #{USER_PWD, jdbcType=VARCHAR }
    </select>
    
    <insert id="LOGIN_LOG_INSERT" parameterType="java.util.HashMap" >
		INSERT INTO LOGIN_LOG (MEMBER_ID
						 , MEMBER_NM
						 , LOGIN_TIME
						 , LOGIN_IP
		 				 )
		VALUES(	#{MEMBER_ID}
   				 , #{MEMBER_NM}
				 , NOW()
				 , #{LOGIN_IP}
				 )								 
	</insert>
    
</mapper>