<?xml version="1.0" encoding="UTF-8"?>
<!DOCTYPE mapper PUBLIC "-//mybatis.org//DTD Mapper 3.0//EN" "http://mybatis.org/dtd/mybatis-3-mapper.dtd">
<mapper namespace="recordXml">

	<select id="SELECT_RECORD_FILES" parameterType="itsMap" resultType="itsMap">
<!-- 		SELECT M.NAME , R.RECORD_ID, R.CALL_ID, R.CALLLEG_ID, R.PATH, R.COSPACE, R.URL -->
<!-- 			, DATE_FORMAT(CONVERT_LOCALTIME2(R.TIME, #{UNLOCODE}),'%Y-%m-%d %H:%i') as RECORD_TIME -->
<!-- 		FROM CDR_RECORD R, CDR_MASTER M -->
<!-- 		WHERE R.COSPACE = M.COSPACE -->
<!-- 		AND R.CALL_ID = M.CALL_ID -->
<!-- 		AND R.RECORD_TYPE = 'recordingStart' -->
		
		SELECT SUBSTRING_INDEX(W.CONF_NM, "-", 1) AS CONF_NM
			 , W.FILE_URL
			 , W.CREATE_TIME
			 , SEC_TO_TIME(W.DURATION) AS DURATION
			 , W.SIZE
			 , W.SESSIONKEY
		FROM WEBEX_RECORDS W
<!-- 		   <if test="END_TIME != ''"> -->
		   <if test="END_TIME != null and END_TIME !=''">
		  	 <![CDATA[
		  	 	WHERE DATE_FORMAT(str_to_date(create_time, '%m/%d/%Y %T'),'%Y%m%d ') <= #{END_TIME}
		   	 ]]>
		   </if>
		   <if test="START_TIME != null and START_TIME !=''">
		  	 <![CDATA[
	  	  		AND DATE_FORMAT(str_to_date(create_time, '%m/%d/%Y %T'),'%Y%m%d ') >= #{START_TIME}  
		   	 ]]>
		   </if>
	       
		   ORDER BY CREATE_TIME DESC
		   
	       <if test="NPAGE != null">
<!-- 		   LIMIT $NPAGE$, $FETCH$ -->
		   LIMIT #{NPAGE}, #{FETCH}
		   </if>
	</select>

	<!-- COMPANY 체크후 검색 -->
	<select id="SELECT_RECORD_CNT" parameterType="itsMap" resultType="itsMap">
		SELECT COUNT(R.SESSIONKEY) AS RECORD_CNT
		  FROM (
				SELECT W.CONF_NM
					 , W.FILE_URL
					 , W.CREATE_TIME
					 , W.DURATION
					 , W.SIZE
					 , W.SESSIONKEY
				FROM WEBEX_RECORDS W					 
			   <if test="END_TIME != null and END_TIME !=''">
			  	 <![CDATA[
			  	 	WHERE DATE_FORMAT(str_to_date(create_time, '%m/%d/%Y %T'),'%Y%m%d ') <= #{END_TIME}
			   	 ]]>
			   </if>
			   <if test="START_TIME != null and START_TIME !=''">
			  	 <![CDATA[
		  	  		AND DATE_FORMAT(str_to_date(create_time, '%m/%d/%Y %T'),'%Y%m%d ') >= #{START_TIME}  
			   	 ]]>
			   </if>
	      	  ) R
	</select>
	
	
	<select id="SELECT_MY_RECORD_FILES" parameterType="itsMap" resultType="itsMap">
		SELECT SUBSTRING_INDEX(W.CONF_NM, "-", 1) AS CONF_NM
			 , W.FILE_URL
			 , W.CREATE_TIME
			 , W.SIZE
			 , SEC_TO_TIME(W.DURATION) AS DURATION
			 , W.SESSIONKEY
		FROM WEBEX_RECORDS W , SCHEDULE S
		WHERE W.SESSIONKEY = S.MEETING_KEY
		AND S.INPUT_ID = #{USER_ID}    
<!-- 		   <if test="END_TIME != ''"> -->
		   <if test="END_TIME != null and END_TIME !=''">
		  	 <![CDATA[
		  	 	AND DATE_FORMAT(str_to_date(create_time, '%m/%d/%Y %T'),'%Y%m%d ') <= #{END_TIME}
		   	 ]]>
		   </if>
		   <if test="START_TIME != null and START_TIME !=''">
		  	 <![CDATA[
	  	  		AND DATE_FORMAT(str_to_date(create_time, '%m/%d/%Y %T'),'%Y%m%d ') >= #{START_TIME}  
		   	 ]]>
		   </if>
		   ORDER BY CREATE_TIME DESC
	       <if test="NPAGE != null">
		   LIMIT #{NPAGE}, #{FETCH}
		   </if>
	</select>
    
    <!-- COMPANY 체크후 검색 -->
	<select id="SELECT_MY_RECORD_CNT" parameterType="itsMap" resultType="itsMap">
		SELECT COUNT(R.SESSIONKEY) AS RECORD_CNT
		FROM (
				SELECT W.CONF_NM
			 		 , W.FILE_URL
			 		 , W.CREATE_TIME
			 		 , W.DURATION
			 		 , W.SIZE
			 		 , W.SESSIONKEY
		FROM WEBEX_RECORDS W , SCHEDULE S
		WHERE W.SESSIONKEY = S.MEETING_KEY
		AND S.INPUT_ID = #{USER_ID}    
		   <if test="END_TIME != null and END_TIME !=''">
		  	 <![CDATA[
		  	 	AND DATE_FORMAT(str_to_date(create_time, '%m/%d/%Y %T'),'%Y%m%d ') <= #{END_TIME}
		   	 ]]>
		   </if>
		   <if test="START_TIME != null and START_TIME !=''">
		  	 <![CDATA[
	  	  		AND DATE_FORMAT(str_to_date(create_time, '%m/%d/%Y %T'),'%Y%m%d ') >= #{START_TIME}  
		   	 ]]>
		   </if>
	      	  ) R
	</select>
    
</mapper>