<?xml version="1.0" encoding="UTF-8"?>
<!DOCTYPE mapper PUBLIC "-//mybatis.org//DTD Mapper 3.0//EN" "http://mybatis.org/dtd/mybatis-3-mapper.dtd">
<mapper namespace="statisticsXml">
	<!-- SELECT 절 -->
	<select id="YEAR_SEARCH"  parameterType="itsMap" resultType="itsMap">
		SELECT DISTINCT 
                  CASE WHEN COUNT(SCHEDULE_ID) > 0 THEN DATE_FORMAT(CONVERT_LOCALTIME2(START_TIME, #{UNLOCODE }),'%Y') 
                  ELSE DATE_FORMAT(CONVERT_LOCALTIME2(NOW(), #{UNLOCODE }),'%Y') END AS label
				, CASE WHEN COUNT(SCHEDULE_ID) > 0 THEN DATE_FORMAT(CONVERT_LOCALTIME2(START_TIME, #{UNLOCODE }),'%Y')
                  ELSE DATE_FORMAT(CONVERT_LOCALTIME2(NOW(), #{UNLOCODE }),'%Y') END AS data
		  FROM SCHEDULE
		 WHERE USE_YN = 'Y'		
		   AND START_TIME IS NOT NULL
		 GROUP BY SCHEDULE_ID
         ORDER BY label DESC
	</select>
	
	<select id="YEAR_SEARCH_CDR"  parameterType="itsMap" resultType="itsMap">
		SELECT DISTINCT 
		       DATE_FORMAT(CONVERT_LOCALTIME2(TIME, #{UNLOCODE }),'%Y') AS label
		      ,DATE_FORMAT(CONVERT_LOCALTIME2(TIME, #{UNLOCODE }),'%Y') AS data
		FROM CDR_MASTER
		WHERE RECORD_TYPE = 'callEnd'
		AND TIME IS NOT NULL
		ORDER BY label DESC
	</select>

	<!-- Reservation for Summary -->
    <select id="RESERVATION_FOR_SUMMARY_SELECT"  parameterType="itsMap" resultType="itsMap">
       SELECT S.SCHEDULER_ORG_KEY
			, O.ORG_NM AS DISPLAY_NM
			, #{REPORT_TYPE } AS REPORT_TYPE
			, SUM(S.DURATION) AS RES_MIN_DURATION
			, TIME_FORMAT(SEC_TO_TIME(SUM(S.DURATION) * 60), '%kh %im') AS RES_DURATION_TO_TIME
			, COUNT(S.SCHEDULE_ID) AS RES_CALL_COUNT
		 FROM SCHEDULE S, ORGANIZATION O
		WHERE S.SCHEDULER_ORG_KEY = O.ORG_KEY
		<if test='VIEW_TYPE.equals("Y")'>
		  AND DATE_FORMAT(CONVERT_LOCALTIME2(S.START_TIME, #{UNLOCODE }), '%Y') &gt;= #{START_TIME }
		  AND DATE_FORMAT(CONVERT_LOCALTIME2(S.START_TIME, #{UNLOCODE }), '%Y') &lt;= #{END_TIME }
		</if>
		<if test='VIEW_TYPE.equals("M")'>
		  AND DATE_FORMAT(CONVERT_LOCALTIME2(S.START_TIME, #{UNLOCODE }), '%Y%m') &gt;= #{START_TIME }
		  AND DATE_FORMAT(CONVERT_LOCALTIME2(S.START_TIME, #{UNLOCODE }), '%Y%m') &lt;= #{END_TIME }
		</if>
		<if test='VIEW_TYPE.equals("D")'>
		  AND DATE_FORMAT(CONVERT_LOCALTIME2(S.START_TIME, #{UNLOCODE }), '%Y%m%d') &gt;= #{START_TIME }
		  AND DATE_FORMAT(CONVERT_LOCALTIME2(S.START_TIME, #{UNLOCODE }), '%Y%m%d') &lt;= #{END_TIME }
		</if>
		AND S.USE_YN = 'Y'
		AND S.SCHEDULE_TYPE != 'CD0203'
		GROUP BY S.SCHEDULER_ORG_KEY
    </select>
    
    <select id="LINE_CHAER_RES_DATA_ALL"  parameterType="itsMap" resultType="itsMap">
			SELECT  
				 	<if test='VIEW_TYPE.equals("Y")'>
				 		DATE_FORMAT(CONVERT_LOCALTIME2(S.START_TIME,#{UNLOCODE }),'%Y') AS DATE_VALUE
				 	</if>
				 	<if test='VIEW_TYPE.equals("M")'>
				 		DATE_FORMAT(CONVERT_LOCALTIME2(S.START_TIME,#{UNLOCODE }),'%m') AS DATE_VALUE
				 	</if>
				 	<if test='VIEW_TYPE.equals("D")'>
				 		DATE_FORMAT(CONVERT_LOCALTIME2(S.START_TIME,#{UNLOCODE }),'%d') AS DATE_VALUE
				 	</if>
				 	<if test='VIEW_TYPE.equals("H")'>
				 		DATE_FORMAT(CONVERT_LOCALTIME2(S.START_TIME,#{UNLOCODE }),'%H') AS DATE_VALUE
				 	</if>
			      , O.ORG_NM AS DISPLAY_NM         
			      , O.ORG_KEY AS KEY_VALUE   
			      , TIME_FORMAT(SEC_TO_TIME(SUM(S.DURATION)*60),'%kh %im') AS RES_DURATION_TO_TIME
			      , SUM(S.DURATION) AS RES_MIN_DURATION 
			      , COUNT(S.SCHEDULE_ID) AS RES_CALL_COUNT              
			      ,'Reservation' AS VIEW_NM  
			  FROM  SCHEDULE S ,ORGANIZATION O 
			  WHERE S.SCHEDULER_ORG_KEY = O.ORG_KEY
			   AND S.USE_YN = 'Y'     
			   AND S.SCHEDULE_TYPE != 'CD0203'
				<if test='VIEW_TYPE.equals("Y")'>
					AND DATE_FORMAT(CONVERT_LOCALTIME2(S.START_TIME, #{UNLOCODE }),'%Y') &gt;= #{START_TIME }
					AND DATE_FORMAT(CONVERT_LOCALTIME2(S.START_TIME, #{UNLOCODE }),'%Y') &lt;= #{END_TIME }
					GROUP BY DATE_FORMAT(CONVERT_LOCALTIME2(S.START_TIME,#{UNLOCODE }),'%Y'),S.SCHEDULER_ORG_KEY 
			 	</if>
			 	<if test='VIEW_TYPE.equals("M")'>
					AND DATE_FORMAT(CONVERT_LOCALTIME2(S.START_TIME, #{UNLOCODE }),'%Y%m')  &gt;= #{START_TIME }
					AND DATE_FORMAT(CONVERT_LOCALTIME2(S.START_TIME, #{UNLOCODE }),'%Y%m') &lt;= #{END_TIME }
					GROUP BY DATE_FORMAT(CONVERT_LOCALTIME2(S.START_TIME,#{UNLOCODE }),'%m'),S.SCHEDULER_ORG_KEY 
			 	</if>
			 	<if test='VIEW_TYPE.equals("D")'>
					AND DATE_FORMAT(CONVERT_LOCALTIME2(S.START_TIME, #{UNLOCODE }),'%Y%m%d') &gt;= #{START_TIME }
					AND DATE_FORMAT(CONVERT_LOCALTIME2(S.START_TIME, #{UNLOCODE }),'%Y%m%d') &lt;= #{END_TIME }
<!-- 					GROUP BY DATE_FORMAT(CONVERT_LOCALTIME2(S.START_TIME,#{UNLOCODE }),'%Y%m%d'),S.SCHEDULER_ORG_KEY  -->
					GROUP BY DATE_FORMAT(CONVERT_LOCALTIME2(S.START_TIME,#{UNLOCODE }),'%d'),S.SCHEDULER_ORG_KEY 
			 	</if>
			 	<if test='VIEW_TYPE.equals("H")'>
					AND DATE_FORMAT(CONVERT_LOCALTIME2(S.START_TIME, #{UNLOCODE }),'%Y%m%d') &gt;= #{START_TIME }
					AND DATE_FORMAT(CONVERT_LOCALTIME2(S.START_TIME, #{UNLOCODE }),'%Y%m%d') &lt;= #{END_TIME }
					GROUP BY DATE_FORMAT(CONVERT_LOCALTIME2(S.START_TIME,#{UNLOCODE }),'%H'),S.SCHEDULER_ORG_KEY 
			 	</if>
			    ORDER BY KEY_VALUE, DATE_VALUE ASC
    </select>
    
    
    
    <!-- LINE CHAER RES DATA -->
	<select id="LINE_CHAER_RES_DATA_ENDPOINT" parameterType="itsMap" resultType="itsMap">
	
		SELECT   
			 	<if test='VIEW_TYPE.equals("Y")'>
			 		DATE_FORMAT(CONVERT_LOCALTIME2(S.START_TIME,#{UNLOCODE }),'%Y') AS DATE_VALUE
			 	</if>
			 	<if test='VIEW_TYPE.equals("M")'>
			 		DATE_FORMAT(CONVERT_LOCALTIME2(S.START_TIME,#{UNLOCODE }),'%m') AS DATE_VALUE
			 	</if>
			 	<if test='VIEW_TYPE.equals("D")'>
			 		DATE_FORMAT(CONVERT_LOCALTIME2(S.START_TIME,#{UNLOCODE }),'%d') AS DATE_VALUE
			 	</if>
			 	<if test='VIEW_TYPE.equals("H")'>
			 		DATE_FORMAT(CONVERT_LOCALTIME2(S.START_TIME,#{UNLOCODE }),'%H') AS DATE_VALUE
			 	</if>
		      , RES.DISPLAY_NM
		      , RES.KEY_VALUE 
		      , SUM(S.DURATION) AS RES_MIN_DURATION 
		      , TIME_FORMAT(SEC_TO_TIME(SUM(S.DURATION)*60), '%kh %im') AS RES_DURATION_TO_TIME
	      	  , COUNT(RES.KEY_VALUE) AS RES_CALL_COUNT              
	      	  , 'Reservation' AS VIEW_TYPE
	      	  , RES.ENDPOINT_IP    
		  FROM  SCHEDULE S  
		      , ( 
		            SELECT  RES.SCHEDULE_ID
		                  , E.DISPLAY_NM                    
		                  , E.ENDPOINT_KEY  AS KEY_VALUE
		                  , E.ENDPOINT_IP
		              FROM  RES_ENDPOINTS RES              
		                  , (
		                     SELECT  E.ENDPOINT_KEY
		                           , E.DISPLAY_NM
		                           , E.ENDPOINT_IP  
		                       FROM  ENDPOINTS E
		                      WHERE  
<!-- 		                      		 E.ENDPOINT_KEY IN (#{ENDPOINT_KEY})AND   -->
		                             E.ACTIVE_YN = 'Y'
		                        AND  E.USE_YN = 'Y'
		                        AND  E.DEPT_CD IN (${DEPT_CD})
		                    ) E       
		             WHERE  RES.RES_KEY = E.ENDPOINT_KEY		           
		        ) RES
		 WHERE  S.SCHEDULE_ID = RES.SCHEDULE_ID
		   AND S.USE_YN = 'Y' 
		   AND S.SCHEDULE_TYPE != 'CD0203'
		 	<if test='VIEW_TYPE.equals("Y")'>
				AND DATE_FORMAT(CONVERT_LOCALTIME2(S.START_TIME, #{UNLOCODE }),'%Y') &gt;= #{START_TIME }
				AND DATE_FORMAT(CONVERT_LOCALTIME2(S.START_TIME, #{UNLOCODE }),'%Y') &lt;= #{END_TIME }
				GROUP BY DATE_FORMAT(CONVERT_LOCALTIME2(S.START_TIME,#{UNLOCODE }),'%Y'),RES.KEY_VALUE
		 	</if>
		 	<if test='VIEW_TYPE.equals("M")'>
				AND DATE_FORMAT(CONVERT_LOCALTIME2(S.START_TIME, #{UNLOCODE }),'%Y%m')  &gt;= #{START_TIME }
				AND DATE_FORMAT(CONVERT_LOCALTIME2(S.START_TIME, #{UNLOCODE }),'%Y%m') &lt;= #{END_TIME }
				GROUP BY DATE_FORMAT(CONVERT_LOCALTIME2(S.START_TIME,#{UNLOCODE }),'%m'),RES.KEY_VALUE 
		 	</if>
		 	<if test='VIEW_TYPE.equals("D")'>
				AND DATE_FORMAT(CONVERT_LOCALTIME2(S.START_TIME, #{UNLOCODE }),'%Y%m%d') &gt;= #{START_TIME }
				AND DATE_FORMAT(CONVERT_LOCALTIME2(S.START_TIME, #{UNLOCODE }),'%Y%m%d') &lt;= #{END_TIME }
<!-- 					GROUP BY DATE_FORMAT(CONVERT_LOCALTIME2(S.START_TIME,#{UNLOCODE }),'%Y%m%d'),S.SCHEDULER_ORG_KEY  -->
				GROUP BY DATE_FORMAT(CONVERT_LOCALTIME2(S.START_TIME,#{UNLOCODE }),'%d'),RES.KEY_VALUE 
		 	</if>
		 	<if test='VIEW_TYPE.equals("H")'>
				AND DATE_FORMAT(CONVERT_LOCALTIME2(S.START_TIME, #{UNLOCODE }),'%Y%m%d') &gt;= #{START_TIME }
				AND DATE_FORMAT(CONVERT_LOCALTIME2(S.START_TIME, #{UNLOCODE }),'%Y%m%d') &lt;= #{END_TIME }
				GROUP BY DATE_FORMAT(CONVERT_LOCALTIME2(S.START_TIME,#{UNLOCODE }),'%H'),RES.KEY_VALUE 
		 	</if>
		 	ORDER BY KEY_VALUE, DATE_VALUE ASC
	</select>
    
    <!-- 년도 기준 예약 -->
    <select id="COMPANY_STAT_YEAR_RESERVATION_DATA" parameterType="itsMap" resultType="itsMap">
    	select YEAR_VALUE
    		 , MONTH_VALUE
    		 , IFNULL(RES_CNT,0) AS RES_CNT
    		 , IFNULL(RES_TIME,0)	 AS RES_TIME
    		 , IFNULL(RES_TIME_CONV,'0h 0m')	AS RES_TIME_CONV
    		 , VIEW_NM	
    	from(
			SELECT  DATE_FORMAT(CONVERT_LOCALTIME2(S.START_TIME, #{UNLOCODE } ),'%Y') AS YEAR_VALUE 
			      , DATE_FORMAT(CONVERT_LOCALTIME2(S.START_TIME, #{UNLOCODE } ),'%m') AS MONTH_VALUE 
			      , COUNT(S.SCHEDULE_ID) AS RES_CNT   
			      , SUM(S.DURATION) AS RES_TIME   
			      , TIME_FORMAT(SEC_TO_TIME(SUM(S.DURATION)*60), '%kh %im') AS RES_TIME_CONV  
			      , 'Reservation' AS VIEW_NM    
			  FROM  SCHEDULE S 
			      , (      
			            SELECT  RES.SCHEDULE_ID
			              FROM  ENDPOINTS EP    
			                  , RES_ENDPOINTS RES  
			             WHERE  1=1
			               AND  EP.ENDPOINT_KEY = RES.RES_KEY
			               AND  EP.ORG_KEY      = #{ORG_KEY } 
			               AND  EP.USE_YN       = 'Y'   
	               		   AND  EP.ACTIVE_YN    = 'Y'    
			            GROUP BY RES.SCHEDULE_ID
			            UNION 
			            SELECT  RES.SCHEDULE_ID
			              FROM  RES_ENDPOINTS RES  
			             WHERE  ENDPOINT_TYPE IN ('CD0303','CD0304')
			        )RES
			 WHERE  S.SCHEDULE_ID = RES.SCHEDULE_ID 
			   AND  S.USE_YN = 'Y'  
			<if test="YEAR_MONTH != '' and YEAR_MONTH != null">
              AND   DATE_FORMAT(CONVERT_LOCALTIME2(S.START_TIME, #{UNLOCODE }),'%Y%m') = #{YEAR_MONTH } /* 기간 */
         GROUP BY   MONTH_VALUE       
        	</if>
        	<if test="YEAR != '' and YEAR != null">
              AND  DATE_FORMAT(CONVERT_LOCALTIME2(S.START_TIME, #{UNLOCODE }),'%Y') = #{YEAR } /* 년도 */
         GROUP BY  MONTH_VALUE       
        	</if>
        	<if test="S_YEAR_MONTH_DAY != '' and S_YEAR_MONTH_DAY != null">
        	  AND  DATE_FORMAT(CONVERT_LOCALTIME2(S.START_TIME, #{UNLOCODE }),'%Y%m%d') &gt;= #{S_YEAR_MONTH_DAY }
        	  AND  DATE_FORMAT(CONVERT_LOCALTIME2(S.END_TIME, #{UNLOCODE }),'%Y%m%d') &lt;= #{E_YEAR_MONTH_DAY }
            </if> 
		) s

    </select>
    
    <!-- 카테고리에 해당되는 Endpoint 가져오기 -->
    <select id="CATEGORY_ENDPOINT_SELECT"  parameterType="itsMap" resultType="itsMap">
    	SELECT E.ENDPOINT_KEY,
    		   IFNULL(E.ENDPOINT_IP, '') AS ENDPOINT_IP,
    		   E.ENDPOINT_NM,
    		   E.DISPLAY_NM,
    		   E.ORG_KEY,
    		   E.COLOR,
    		   E.DEPT_CD
<!-- 		FROM EP_GROUP D, ENDPOINTS E -->
		FROM DEPARTMENT D, ENDPOINTS E
		WHERE D.DEPT_CD = E.DEPT_CD
		AND E.ENDPOINT_IP IS NOT NULL
		AND E.USE_YN = 'Y'
		AND E.ACTIVE_YN = 'Y'
		<if test='!DEPT_CD.equals("")'>
			AND D.DEPT_CD IN (${DEPT_CD})
		</if>
    </select>
    
    
    <!-- Reservation Yearly for Endpoint -->
    <select id="RESERVATION_FOR_ENDPOINT_SELECT"  parameterType="itsMap" resultType="itsMap">
        SELECT RE.RES_KEY,           
			   FLOOR(SUM(UNIX_TIMESTAMP(S.END_TIME) - UNIX_TIMESTAMP(S.START_TIME)) / 60) AS MIN_DURATION,
			   SUM(UNIX_TIMESTAMP(S.END_TIME) - UNIX_TIMESTAMP(S.START_TIME)) AS SEC_DURATION,
			   TIME_FORMAT(SEC_TO_TIME(SUM(UNIX_TIMESTAMP(S.END_TIME) - UNIX_TIMESTAMP(S.START_TIME))), '%kh %im') AS DURATION_TO_TIME,
	           COUNT(RE.SCHEDULE_ID) AS CALL_COUNT,
	           RE.DISPLAY_NM,
	           RE.ENDPOINT_IP
		FROM SCHEDULE S, ( SELECT  RE.SCHEDULE_ID
                      			 , RE.RES_KEY
		                  		 , E.DISPLAY_NM                    
		                  		 , E.ENDPOINT_KEY  AS KEY_VALUE
		                  		 , E.ENDPOINT_IP
		              		 FROM  RES_ENDPOINTS RE, ENDPOINTS E       
		             		WHERE  RE.RES_KEY = E.ENDPOINT_KEY		           
		        			) RE
		WHERE S.SCHEDULE_ID = RE.SCHEDULE_ID
		AND S.SCHEDULE_TYPE != 'CD0203'
			<if test='VIEW_TYPE.equals("Y")'>
				AND DATE_FORMAT(CONVERT_LOCALTIME2(S.START_TIME, #{UNLOCODE }), '%Y') &gt;= #{START_TIME }
				AND DATE_FORMAT(CONVERT_LOCALTIME2(S.START_TIME, #{UNLOCODE }), '%Y') &lt;= #{END_TIME }
			</if>
			<if test='VIEW_TYPE.equals("M")'>
				AND DATE_FORMAT(CONVERT_LOCALTIME2(S.START_TIME, #{UNLOCODE }), '%Y%m') &gt;= #{START_TIME }
				AND DATE_FORMAT(CONVERT_LOCALTIME2(S.START_TIME, #{UNLOCODE }), '%Y%m') &lt;= #{END_TIME }
			</if>
			<if test='VIEW_TYPE.equals("D")'>
				AND DATE_FORMAT(CONVERT_LOCALTIME2(S.START_TIME, #{UNLOCODE }), '%Y%m%d') &gt;= #{START_TIME }
				AND DATE_FORMAT(CONVERT_LOCALTIME2(S.START_TIME, #{UNLOCODE }), '%Y%m%d') &lt;= #{END_TIME }
			</if>
		AND S.USE_YN = 'Y'
		AND RE.RES_KEY IN (SELECT E.ENDPOINT_KEY
							FROM DEPARTMENT D, ENDPOINTS E
							WHERE D.DEPT_CD = E.DEPT_CD
							AND E.USE_YN = 'Y'
							AND E.ACTIVE_YN = 'Y'
							AND D.DEPT_CD IN (${DEPT_CD}))
		GROUP BY RE.RES_KEY
    </select>


    <select id="LINE_CHAER_RES_DATA_JABBER_LYNC" parameterType="itsMap" resultType="itsMap">

        SELECT
				<if test='VIEW_TYPE.equals("Y")'>
			 		DATE_FORMAT(CONVERT_LOCALTIME2(S.START_TIME,#{UNLOCODE }),'%Y') AS DATE_VALUE
			 	</if>
			 	<if test='VIEW_TYPE.equals("M")'>
			 		DATE_FORMAT(CONVERT_LOCALTIME2(S.START_TIME,#{UNLOCODE }),'%m') AS DATE_VALUE
			 	</if>
			 	<if test='VIEW_TYPE.equals("D")'>
			 		DATE_FORMAT(CONVERT_LOCALTIME2(S.START_TIME,#{UNLOCODE }),'%d') AS DATE_VALUE
			 	</if>
			 	<if test='VIEW_TYPE.equals("H")'>
			 		DATE_FORMAT(CONVERT_LOCALTIME2(S.START_TIME,#{UNLOCODE }),'%k') AS DATE_VALUE
			 	</if>
             ,  CASE #{ENDPOINT_TYPE} WHEN 'CD0303' THEN 'CD0303' WHEN 'CD0304' THEN 'CD0304' END AS KEY_VALUE          
			 ,  FLOOR(SUM(UNIX_TIMESTAMP(S.END_TIME) - UNIX_TIMESTAMP(S.START_TIME)) / 60) AS RES_MIN_DURATION
             ,  SUM(UNIX_TIMESTAMP(S.END_TIME) - UNIX_TIMESTAMP(S.START_TIME)) AS RES_SEC_DURATION
			 ,  TIME_FORMAT(SEC_TO_TIME(SUM(UNIX_TIMESTAMP(S.END_TIME) - UNIX_TIMESTAMP(S.START_TIME))), '%kh %im') AS RES_DURATION_TO_TIME
	         ,  COUNT(RE.SCHEDULE_ID) AS RES_CALL_COUNT
		FROM SCHEDULE S, RES_ENDPOINTS RE
		WHERE S.SCHEDULE_ID = RE.SCHEDULE_ID
		AND S.USE_YN = 'Y'
		AND RE.RES_KEY IN (SELECT E.ENDPOINT_KEY
							FROM  ENDPOINTS E
							WHERE  E.ENDPOINT_TYPE  = #{ENDPOINT_TYPE})
			<if test='VIEW_TYPE.equals("Y")'>
				AND DATE_FORMAT(CONVERT_LOCALTIME2(S.START_TIME, #{UNLOCODE }),'%Y') &gt;= #{START_TIME }
				AND DATE_FORMAT(CONVERT_LOCALTIME2(S.START_TIME, #{UNLOCODE }),'%Y') &lt;= #{END_TIME }
				GROUP BY DATE_FORMAT(CONVERT_LOCALTIME2(S.START_TIME,#{UNLOCODE }),'%Y'),RES.KEY_VALUE
		 	</if>
		 	<if test='VIEW_TYPE.equals("M")'>
				AND DATE_FORMAT(CONVERT_LOCALTIME2(S.START_TIME, #{UNLOCODE }),'%Y%m')  &gt;= #{START_TIME }
				AND DATE_FORMAT(CONVERT_LOCALTIME2(S.START_TIME, #{UNLOCODE }),'%Y%m') &lt;= #{END_TIME }
				GROUP BY DATE_FORMAT(CONVERT_LOCALTIME2(S.START_TIME,#{UNLOCODE }),'%m'),RES.KEY_VALUE 
		 	</if>
		 	<if test='VIEW_TYPE.equals("D")'>
				AND DATE_FORMAT(CONVERT_LOCALTIME2(S.START_TIME, #{UNLOCODE }),'%Y%m%d') &gt;= #{START_TIME }
				AND DATE_FORMAT(CONVERT_LOCALTIME2(S.START_TIME, #{UNLOCODE }),'%Y%m%d') &lt;= #{END_TIME }
				GROUP BY DATE_FORMAT(CONVERT_LOCALTIME2(S.START_TIME,#{UNLOCODE }),'%d'),RES.KEY_VALUE 
		 	</if>
		 	<if test='VIEW_TYPE.equals("H")'>
				AND DATE_FORMAT(CONVERT_LOCALTIME2(S.START_TIME, #{UNLOCODE }),'%Y%m%d') &gt;= #{START_TIME }
				AND DATE_FORMAT(CONVERT_LOCALTIME2(S.START_TIME, #{UNLOCODE }),'%Y%m%d') &lt;= #{END_TIME }
				GROUP BY DATE_FORMAT(CONVERT_LOCALTIME2(S.START_TIME,#{UNLOCODE }),'%k'),RES.KEY_VALUE 
		 	</if>
	</select>
	
	
    <!-- excel  -->
	<select id="RES_ENDPOINT_DATA" parameterType="itsMap" resultType="itsMap">
		SELECT   
			<if test='VIEW_TYPE.equals("Y")'>
		 		DATE_FORMAT(CONVERT_LOCALTIME2(S.START_TIME,#{UNLOCODE }),'%Y') AS DATE_VALUE
		 	</if>
		 	<if test='VIEW_TYPE.equals("M")'>
<!-- 		 		DATE_FORMAT(CONVERT_LOCALTIME2(S.START_TIME,#{UNLOCODE }),'%m') AS DATE_VALUE -->
			 	DATE_FORMAT(CONVERT_LOCALTIME2(S.START_TIME,#{UNLOCODE}),'%Y/%c') AS DATE_VALUE
		 	</if>
		 	<if test='VIEW_TYPE.equals("D")'>
<!-- 		 		DATE_FORMAT(CONVERT_LOCALTIME2(S.START_TIME,#{UNLOCODE }),'%d') AS DATE_VALUE -->
			 	DATE_FORMAT(CONVERT_LOCALTIME2(S.START_TIME,#{UNLOCODE}),'%Y/%c/%e') AS DATE_VALUE
		 	</if>
		 	<if test='VIEW_TYPE.equals("H")'>
		 		DATE_FORMAT(CONVERT_LOCALTIME2(S.START_TIME,#{UNLOCODE }),'%k') AS DATE_VALUE
		 	</if>
		        , RES.DISPLAY_NM
		      	, RES.KEY_VALUE 
		      	, SUM(S.DURATION) AS RES_MIN_DURATION 
		      	, TIME_FORMAT(SEC_TO_TIME(SUM(S.DURATION)*60), '%H:%i') AS RES_DURATION_TO_TIME
	      	  	, COUNT(RES.KEY_VALUE) AS RES_CALL_COUNT              
	      	  	, 'Reservation' AS VIEW_TYPE    
		FROM  SCHEDULE S  
			    , ( 
		            SELECT  RES.SCHEDULE_ID
		                  , E.DISPLAY_NM                    
		                  , E.ENDPOINT_KEY  AS KEY_VALUE
		              FROM  RES_ENDPOINTS RES              
		                  , (
		                     SELECT  E.ENDPOINT_KEY
		                           , E.DISPLAY_NM  
		                       FROM  ENDPOINTS E
		                      WHERE  E.DEPT_CD IN (${DEPT_CD})                            
<!-- 		                        AND  E.ENDPOINT_KEY IN ($ENDPOINT_KEY$) -->
		                        AND  E.ACTIVE_YN = 'Y'
<!-- 		                        <isEqual property="INACTIVE" compareValue="FALSE"> -->
			                        AND  E.USE_YN = 'Y'
<!-- 		                        </isEqual> -->
		                    ) E       
		             WHERE  RES.RES_KEY = E.ENDPOINT_KEY		           
		        ) RES
		 WHERE  S.SCHEDULE_ID = RES.SCHEDULE_ID
		   AND S.USE_YN = 'Y' 
		   <if test='VIEW_TYPE.equals("Y")'>
				AND DATE_FORMAT(CONVERT_LOCALTIME2(S.START_TIME, #{UNLOCODE }),'%Y') &gt;= #{START_TIME }
				AND DATE_FORMAT(CONVERT_LOCALTIME2(S.START_TIME, #{UNLOCODE }),'%Y') &lt;= #{END_TIME }
				GROUP BY DATE_FORMAT(CONVERT_LOCALTIME2(S.START_TIME,#{UNLOCODE }),'%Y'),RES.KEY_VALUE
		 	</if>
		 	<if test='VIEW_TYPE.equals("M")'>
				AND DATE_FORMAT(CONVERT_LOCALTIME2(S.START_TIME, #{UNLOCODE }),'%Y%m')  &gt;= #{START_TIME }
				AND DATE_FORMAT(CONVERT_LOCALTIME2(S.START_TIME, #{UNLOCODE }),'%Y%m') &lt;= #{END_TIME }
				GROUP BY DATE_FORMAT(CONVERT_LOCALTIME2(S.START_TIME,#{UNLOCODE }),'%m'),RES.KEY_VALUE 
		 	</if>
		 	<if test='VIEW_TYPE.equals("D")'>
				AND DATE_FORMAT(CONVERT_LOCALTIME2(S.START_TIME, #{UNLOCODE }),'%Y%m%d') &gt;= #{START_TIME }
				AND DATE_FORMAT(CONVERT_LOCALTIME2(S.START_TIME, #{UNLOCODE }),'%Y%m%d') &lt;= #{END_TIME }
				GROUP BY DATE_FORMAT(CONVERT_LOCALTIME2(S.START_TIME,#{UNLOCODE }),'%d'),RES.KEY_VALUE 
		 	</if>
		 	<if test='VIEW_TYPE.equals("H")'>
				AND DATE_FORMAT(CONVERT_LOCALTIME2(S.START_TIME, #{UNLOCODE }),'%Y%m%d') &gt;= #{START_TIME }
				AND DATE_FORMAT(CONVERT_LOCALTIME2(S.START_TIME, #{UNLOCODE }),'%Y%m%d') &lt;= #{END_TIME }
				GROUP BY DATE_FORMAT(CONVERT_LOCALTIME2(S.START_TIME,#{UNLOCODE }),'%k'),RES.KEY_VALUE 
		 	</if>
	</select>
	
	
	<select id="RES_ENDPOINT_ENDPOINT_SUM" parameterType="itsMap" resultType="itsMap">
		SELECT SUM(T.RES_MIN_DURATION) AS DURATION, T.DISPLAY_NM AS NAME, SUM(T.RES_CALL_COUNT) AS COUNT,  TIME_FORMAT(SEC_TO_TIME(SUM(T.RES_MIN_DURATION)*60),'%H:%i') AS RES_DURATION_TO_TIME
		FROM(	SELECT   
				<if test='VIEW_TYPE.equals("Y")'>
			 		DATE_FORMAT(CONVERT_LOCALTIME2(S.START_TIME,#{UNLOCODE }),'%Y') AS DATE_VALUE
			 	</if>
			 	<if test='VIEW_TYPE.equals("M")'>
	<!-- 		 		DATE_FORMAT(CONVERT_LOCALTIME2(S.START_TIME,#{UNLOCODE }),'%m') AS DATE_VALUE -->
			 		DATE_FORMAT(CONVERT_LOCALTIME2(S.START_TIME,#{UNLOCODE}),'%Y/%c') AS DATE_VALUE
			 	</if>
			 	<if test='VIEW_TYPE.equals("D")'>
	<!-- 		 		DATE_FORMAT(CONVERT_LOCALTIME2(S.START_TIME,#{UNLOCODE }),'%d') AS DATE_VALUE -->
				 	DATE_FORMAT(CONVERT_LOCALTIME2(S.START_TIME,#{UNLOCODE}),'%Y/%c/%e') AS DATE_VALUE
			 	</if>
			 	<if test='VIEW_TYPE.equals("H")'>
			 		DATE_FORMAT(CONVERT_LOCALTIME2(S.START_TIME,#{UNLOCODE }),'%k') AS DATE_VALUE
			 	</if>
			      , RES.DISPLAY_NM
			      , RES.KEY_VALUE 
			      , SUM(S.DURATION) AS RES_MIN_DURATION 
			      , TIME_FORMAT(SEC_TO_TIME(SUM(S.DURATION)*60), '%H:%i:%s') AS RES_DURATION_TO_TIME
		      	  , COUNT(RES.KEY_VALUE) AS RES_CALL_COUNT              
		      	  , 'Reservation' AS VIEW_TYPE    
			  FROM  SCHEDULE S  
			      , ( 
			            SELECT  RES.SCHEDULE_ID
			                  , E.DISPLAY_NM                    
			                  , E.ENDPOINT_KEY  AS KEY_VALUE
			              FROM  RES_ENDPOINTS RES              
			                  , (
			                     SELECT  E.ENDPOINT_KEY
			                           , E.DISPLAY_NM  
			                       FROM  ENDPOINTS E
			                      WHERE  E.DEPT_CD IN (${DEPT_CD})                            
	<!-- 		                        AND  E.ENDPOINT_KEY IN ($ENDPOINT_KEY$) -->
			                        AND  E.ACTIVE_YN = 'Y'
	<!-- 		                        <isEqual property="INACTIVE" compareValue="FALSE"> -->
	<!-- 			                        AND  E.USE_YN = 'Y' -->
	<!-- 		                        </isEqual> -->
			                    ) E       
			             WHERE  RES.RES_KEY = E.ENDPOINT_KEY		           
			        ) RES
			 WHERE  S.SCHEDULE_ID = RES.SCHEDULE_ID
			   AND S.USE_YN = 'Y' 
			 <if test='VIEW_TYPE.equals("Y")'>
					AND DATE_FORMAT(CONVERT_LOCALTIME2(S.START_TIME, #{UNLOCODE }),'%Y') &gt;= #{START_TIME }
					AND DATE_FORMAT(CONVERT_LOCALTIME2(S.START_TIME, #{UNLOCODE }),'%Y') &lt;= #{END_TIME }
					GROUP BY DATE_FORMAT(CONVERT_LOCALTIME2(S.START_TIME,#{UNLOCODE }),'%Y'),RES.KEY_VALUE
			 	</if>
			 	<if test='VIEW_TYPE.equals("M")'>
					AND DATE_FORMAT(CONVERT_LOCALTIME2(S.START_TIME, #{UNLOCODE }),'%Y%m')  &gt;= #{START_TIME }
					AND DATE_FORMAT(CONVERT_LOCALTIME2(S.START_TIME, #{UNLOCODE }),'%Y%m') &lt;= #{END_TIME }
					GROUP BY DATE_FORMAT(CONVERT_LOCALTIME2(S.START_TIME,#{UNLOCODE }),'%m'),RES.KEY_VALUE 
	<!-- 				GROUP BY DATE_FORMAT(CONVERT_LOCALTIME2(S.START_TIME,#UNLOCODE#),'%Y%m'),RES.KEY_VALUE 	  -->
			 	</if>
			 	<if test='VIEW_TYPE.equals("D")'>
					AND DATE_FORMAT(CONVERT_LOCALTIME2(S.START_TIME, #{UNLOCODE }),'%Y%m%d') &gt;= #{START_TIME }
					AND DATE_FORMAT(CONVERT_LOCALTIME2(S.START_TIME, #{UNLOCODE }),'%Y%m%d') &lt;= #{END_TIME }
					GROUP BY DATE_FORMAT(CONVERT_LOCALTIME2(S.START_TIME,#{UNLOCODE }),'%d'),RES.KEY_VALUE 
			 	</if>
			 	<if test='VIEW_TYPE.equals("H")'>
					AND DATE_FORMAT(CONVERT_LOCALTIME2(S.START_TIME, #{UNLOCODE }),'%Y%m%d') &gt;= #{START_TIME }
					AND DATE_FORMAT(CONVERT_LOCALTIME2(S.START_TIME, #{UNLOCODE }),'%Y%m%d') &lt;= #{END_TIME }
					GROUP BY DATE_FORMAT(CONVERT_LOCALTIME2(S.START_TIME,#{UNLOCODE }),'%k'),RES.KEY_VALUE 
			 	</if>
	         ) T                
		GROUP BY T.KEY_VALUE
	</select>
    
    
    
    <select id="CALL_ENDPOINT_DATA" parameterType="itsMap" resultType="itsMap">
        SELECT  
        	<if test="ENDPOINT_TYPE == '' and ENDPOINT_TYPE == null">
			 (SELECT DISPLAY_NM FROM ENDPOINTS WHERE ENDPOINT_IP = A.DEVICE_IP) AS DISPLAY_NM,
			 </if>
        	<if test="ENDPOINT_TYPE != '' and ENDPOINT_TYPE != null">
			CASE A.DEVICE_IP WHEN 'ipad' THEN 'jabber' WHEN 'lync' THEN 'lync' END AS DISPLAY_NM,
			</if>
        	<if test='VIEW_TYPE.equals("Y")'>
		 		DATE_FORMAT(CONVERT_LOCALTIME2(A.START_TIME,#{UNLOCODE }),'%Y') AS DATE_VALUE
		 	</if>
		 	<if test='VIEW_TYPE.equals("M")'>
		 		DATE_FORMAT(CONVERT_LOCALTIME2(A.START_TIME,#{UNLOCODE}),'%Y/%c') AS DATE_VALUE
		 	</if>
		 	<if test='VIEW_TYPE.equals("D")'>
			 	DATE_FORMAT(CONVERT_LOCALTIME2(A.START_TIME,#{UNLOCODE}),'%Y/%c/%e') AS DATE_VALUE
		 	</if>
		 	<if test='VIEW_TYPE.equals("H")'>
		 		DATE_FORMAT(CONVERT_LOCALTIME2(A.START_TIME,#{UNLOCODE }),'%k') AS DATE_VALUE
		 	</if>
	  		   , FLOOR(SUM(A.SEC_DURATION)  / 60)  AS MIN_DURATION,
	  		   A.SEC_DURATION,
			   TIME_FORMAT(SEC_TO_TIME(FLOOR(SUM(A.SEC_DURATION))), '%H:%i') AS CALL_DURATION_TO_TIME,
			   SUM(A.CALL_COUNT) AS CALL_COUNT
		FROM(
	        SELECT CB.ORIGDEVICEADDRESS AS DEVICE_IP,           
		           SUM(CB.DURATION) AS SEC_DURATION,
		           COUNT(CB.ID) AS CALL_COUNT,
		            FROM_UNIXTIME(CB.DATETIMECONNECT, '%Y-%m-%d %H:%i:%s') AS START_TIME    
			FROM CDR_BACKUP CB
			WHERE 
<!-- 			<dynamic> -->
				<if test='VIEW_TYPE.equals("Y")'>
					DATE_FORMAT(CONVERT_LOCALTIME2(FROM_UNIXTIME(CB.DATETIMECONNECT, '%Y-%m-%d %H:%i:%s'), #{UNLOCODE}), '%Y') &gt;= #{SDATE}
					AND DATE_FORMAT(CONVERT_LOCALTIME2(FROM_UNIXTIME(CB.DATETIMECONNECT, '%Y-%m-%d %H:%i:%s'), #{UNLOCODE}), '%Y') &lt;= #{EDATE}
				</if>
				<if test='VIEW_TYPE.equals("M")'>
					DATE_FORMAT(CONVERT_LOCALTIME2(FROM_UNIXTIME(CB.DATETIMECONNECT, '%Y-%m-%d %H:%i:%s'), #{UNLOCODE}), '%Y%m') &gt;= #{SDATE}
					AND DATE_FORMAT(CONVERT_LOCALTIME2(FROM_UNIXTIME(CB.DATETIMECONNECT, '%Y-%m-%d %H:%i:%s'), #{UNLOCODE}), '%Y%m') &lt;= #{EDATE}
				</if>
				<if test='VIEW_TYPE.equals("D")'>
					DATE_FORMAT(CONVERT_LOCALTIME2(FROM_UNIXTIME(CB.DATETIMECONNECT, '%Y-%m-%d %H:%i:%s'), #{UNLOCODE}), '%Y%m%d') &gt;= #{SDATE}
					AND DATE_FORMAT(CONVERT_LOCALTIME2(FROM_UNIXTIME(CB.DATETIMECONNECT, '%Y-%m-%d %H:%i:%s'), #{UNLOCODE}), '%Y%m%d') &lt;= #{EDATE}
				</if>
				<if test='VIEW_TYPE.equals("H")'>
					DATE_FORMAT(CONVERT_LOCALTIME2(FROM_UNIXTIME(CB.DATETIMECONNECT, '%Y-%m-%d %H:%i:%s'), #{UNLOCODE}), '%Y%m%d') &gt;= #{SDATE}
					AND DATE_FORMAT(CONVERT_LOCALTIME2(FROM_UNIXTIME(CB.DATETIMECONNECT, '%Y-%m-%d %H:%i:%s'), #{UNLOCODE}), '%Y%m%d') &lt;= #{EDATE}
				</if>
<!-- 			</dynamic> -->
				<if test="ENDPOINT_TYPE == '' and ENDPOINT_TYPE == null">
				AND CB.ORIGDEVICEADDRESS IN (SELECT E.ENDPOINT_IP 
										 FROM ENDPOINTS E 
										 WHERE E.ENDPOINT_KEY IN (SELECT E.ENDPOINT_KEY
<!-- 																FROM EP_GROUP D, ENDPOINTS E -->
																FROM DEPARTMENT D, ENDPOINTS E
																WHERE D.DEPT_CD = E.DEPT_CD
																AND E.USE_YN = 'Y'
																AND E.ACTIVE_YN = 'Y'
																AND D.DEPT_CD IN (${DEPT_CD})))
				</if>
				<if test='DEPT_CD.equals("CD0303")'> 
					AND CB.ORIGDEVICEADDRESS = "ipad"
				</if>
				<if test='DEPT_CD.equals("CD0304")'> 
					AND CB.ORIGDEVICEADDRESS = "lync"
				</if>
			GROUP BY CB.ORIGDEVICEADDRESS
			UNION ALL
			SELECT CB.DESTDEVICEADDRESS AS DEVICE_IP,           
	               SUM(CB.DURATION) AS SEC_DURATION,
		           COUNT(CB.ID) AS CALL_COUNT,
		           FROM_UNIXTIME(CB.DATETIMECONNECT, '%Y-%m-%d %H:%i:%s') AS START_TIME
			FROM CDR_BACKUP CB
			WHERE 
<!-- 				<dynamic> -->
				<if test='VIEW_TYPE.equals("Y")'>
					DATE_FORMAT(CONVERT_LOCALTIME2(FROM_UNIXTIME(CB.DATETIMECONNECT, '%Y-%m-%d %H:%i:%s'), #{UNLOCODE}), '%Y') &gt;= #{SDATE}
					AND DATE_FORMAT(CONVERT_LOCALTIME2(FROM_UNIXTIME(CB.DATETIMECONNECT, '%Y-%m-%d %H:%i:%s'), #{UNLOCODE}), '%Y') &lt;= #{EDATE}
				</if>
				<if test='VIEW_TYPE.equals("M")'>
					DATE_FORMAT(CONVERT_LOCALTIME2(FROM_UNIXTIME(CB.DATETIMECONNECT, '%Y-%m-%d %H:%i:%s'), #{UNLOCODE}), '%Y%m') &gt;= #{SDATE}
					AND DATE_FORMAT(CONVERT_LOCALTIME2(FROM_UNIXTIME(CB.DATETIMECONNECT, '%Y-%m-%d %H:%i:%s'), #{UNLOCODE}), '%Y%m') &lt;= #{EDATE}
				</if>
				<if test='VIEW_TYPE.equals("D")'>
					DATE_FORMAT(CONVERT_LOCALTIME2(FROM_UNIXTIME(CB.DATETIMECONNECT, '%Y-%m-%d %H:%i:%s'), #{UNLOCODE}), '%Y%m%d') &gt;= #{SDATE}
					AND DATE_FORMAT(CONVERT_LOCALTIME2(FROM_UNIXTIME(CB.DATETIMECONNECT, '%Y-%m-%d %H:%i:%s'), #{UNLOCODE}), '%Y%m%d') &lt;= #{EDATE}
				</if>
				<if test='VIEW_TYPE.equals("H")'>
					DATE_FORMAT(CONVERT_LOCALTIME2(FROM_UNIXTIME(CB.DATETIMECONNECT, '%Y-%m-%d %H:%i:%s'), #{UNLOCODE}), '%Y%m%d') &gt;= #{SDATE}
					AND DATE_FORMAT(CONVERT_LOCALTIME2(FROM_UNIXTIME(CB.DATETIMECONNECT, '%Y-%m-%d %H:%i:%s'), #{UNLOCODE}), '%Y%m%d') &lt;= #{EDATE}
				</if>
<!-- 			</dynamic> -->
<!-- 			<isNull property="ENDPOINT_TYPE"> -->
				AND CB.DESTDEVICEADDRESS IN (SELECT E.ENDPOINT_IP 
										 FROM ENDPOINTS E 
										 WHERE E.ENDPOINT_KEY IN (SELECT E.ENDPOINT_KEY
																FROM DEPARTMENT D, ENDPOINTS E
																WHERE D.DEPT_CD = E.DEPT_CD
																AND E.USE_YN = 'Y'
																AND E.ACTIVE_YN = 'Y'
																AND D.DEPT_CD IN (${DEPT_CD})))
<!-- 			</isNull> -->
				<if test='DEPT_CD.equals("CD0304")'>  
					AND CB.DESTDEVICEADDRESS = "ipad"
				</if>
				<if test='DEPT_CD.equals("CD0304")'> 
					AND CB.DESTDEVICEADDRESS = "lync"
				</if>
			GROUP BY CB.DESTDEVICEADDRESS
		) A
		 	<if test='GROUP_TYPE.equals("Y")'>
				GROUP BY DATE_FORMAT(CONVERT_LOCALTIME2(A.START_TIME,#{UNLOCODE}),'%Y'),DISPLAY_NM
		 	</if>
		 	<if test='GROUP_TYPE.equals("M")'>
				GROUP BY DATE_FORMAT(CONVERT_LOCALTIME2(A.START_TIME,#{UNLOCODE}),'%Y%m'),DISPLAY_NM 	
		 	</if>
		 	<if test='GROUP_TYPE.equals("D")'>
				GROUP BY DATE_FORMAT(CONVERT_LOCALTIME2(A.START_TIME,#{UNLOCODE}),'%Y%m%d'),DISPLAY_NM
		 	</if>
		 	<if test='GROUP_TYPE.equals("H")'>
				GROUP BY DATE_FORMAT(CONVERT_LOCALTIME2(A.START_TIME,#{UNLOCODE}),'%H'),DISPLAY_NM
		 	</if>
	</select>
	
	
	<select id="CALL_ENDPOINT_ENDPOINT_SUM" parameterType="itsMap" resultType="itsMap">
		SELECT SUM(T.MIN_DURATION) AS DURATION, T.DISPLAY_NM AS NAME , SUM(T.CALL_COUNT) AS COUNT, TIME_FORMAT(SEC_TO_TIME(SUM(T.MIN_DURATION)*60),'%H:%i') AS CALL_DURATION_TO_TIME
		FROM(	        SELECT
		<!-- 			 <isNull property="ENDPOINT_TYPE"> -->
					(SELECT DISPLAY_NM FROM ENDPOINTS WHERE ENDPOINT_IP = A.DEVICE_IP) AS DISPLAY_NM,
		<!-- 			</isNull> -->
		<!-- 			<isNotNull property="ENDPOINT_TYPE"> -->
					CASE A.DEVICE_IP WHEN 'ipad' THEN 'jabber' WHEN 'lync' THEN 'lync' END AS DISPLAY_NM,
		<!-- 			</isNotNull>  -->
		         	<if test='VIEW_TYPE.equals("Y")'>
				 		DATE_FORMAT(CONVERT_LOCALTIME2(A.START_TIME,#{UNLOCODE }),'%Y') AS DATE_VALUE
				 	</if>
				 	<if test='VIEW_TYPE.equals("M")'>
				 		DATE_FORMAT(CONVERT_LOCALTIME2(A.START_TIME,#{UNLOCODE}),'%Y/%c') AS DATE_VALUE
				 	</if>
				 	<if test='VIEW_TYPE.equals("D")'>
					 	DATE_FORMAT(CONVERT_LOCALTIME2(A.START_TIME,#{UNLOCODE}),'%Y/%c/%e') AS DATE_VALUE
				 	</if>
				 	<if test='VIEW_TYPE.equals("H")'>
				 		DATE_FORMAT(CONVERT_LOCALTIME2(A.START_TIME,#{UNLOCODE }),'%k') AS DATE_VALUE
				 	</if>
			  		   , FLOOR(SUM(A.SEC_DURATION)  / 60)  AS MIN_DURATION,
			  		   A.SEC_DURATION,
					   TIME_FORMAT(SEC_TO_TIME(FLOOR(SUM(A.SEC_DURATION))),'%H:%i:%s') AS DURATION_TO_TIME,
					   SUM(A.CALL_COUNT) AS CALL_COUNT
				FROM(
			        SELECT CB.ORIGDEVICEADDRESS AS DEVICE_IP,           
				           SUM(CB.DURATION) AS SEC_DURATION,
				           COUNT(CB.ID) AS CALL_COUNT,
				            FROM_UNIXTIME(CB.DATETIMECONNECT, '%Y-%m-%d %H:%i:%s') AS START_TIME    
					FROM CDR_BACKUP CB
					WHERE 
						<if test='VIEW_TYPE.equals("Y")'>
							DATE_FORMAT(CONVERT_LOCALTIME2(FROM_UNIXTIME(CB.DATETIMECONNECT, '%Y-%m-%d %H:%i:%s'), #{UNLOCODE}), '%Y') &gt;= #{SDATE}
							AND DATE_FORMAT(CONVERT_LOCALTIME2(FROM_UNIXTIME(CB.DATETIMECONNECT, '%Y-%m-%d %H:%i:%s'), #{UNLOCODE}), '%Y') &lt;= #{EDATE}
						</if>
						<if test='VIEW_TYPE.equals("M")'>
							DATE_FORMAT(CONVERT_LOCALTIME2(FROM_UNIXTIME(CB.DATETIMECONNECT, '%Y-%m-%d %H:%i:%s'), #{UNLOCODE}), '%Y%m') &gt;= #{SDATE}
							AND DATE_FORMAT(CONVERT_LOCALTIME2(FROM_UNIXTIME(CB.DATETIMECONNECT, '%Y-%m-%d %H:%i:%s'), #{UNLOCODE}), '%Y%m') &lt;= #{EDATE}
						</if>
						<if test='VIEW_TYPE.equals("D")'>
							DATE_FORMAT(CONVERT_LOCALTIME2(FROM_UNIXTIME(CB.DATETIMECONNECT, '%Y-%m-%d %H:%i:%s'), #{UNLOCODE}), '%Y%m%d') &gt;= #{SDATE}
							AND DATE_FORMAT(CONVERT_LOCALTIME2(FROM_UNIXTIME(CB.DATETIMECONNECT, '%Y-%m-%d %H:%i:%s'), #{UNLOCODE}), '%Y%m%d') &lt;= #{EDATE}
						</if>
						<if test='VIEW_TYPE.equals("H")'>
							DATE_FORMAT(CONVERT_LOCALTIME2(FROM_UNIXTIME(CB.DATETIMECONNECT, '%Y-%m-%d %H:%i:%s'), #{UNLOCODE}), '%Y%m%d') &gt;= #{SDATE}
							AND DATE_FORMAT(CONVERT_LOCALTIME2(FROM_UNIXTIME(CB.DATETIMECONNECT, '%Y-%m-%d %H:%i:%s'), #{UNLOCODE}), '%Y%m%d') &lt;= #{EDATE}
						</if>
		<!-- 			<isNull property="ENDPOINT_TYPE"> -->
						AND CB.ORIGDEVICEADDRESS IN (SELECT E.ENDPOINT_IP 
												 FROM ENDPOINTS E 
												 WHERE E.ENDPOINT_KEY IN (SELECT E.ENDPOINT_KEY
																		FROM DEPARTMENT D, ENDPOINTS E
																		WHERE D.DEPT_CD = E.DEPT_CD
																		AND E.USE_YN = 'Y'
																		AND E.ACTIVE_YN = 'Y'
																		AND D.DEPT_CD IN (${DEPT_CD})))
		<!-- 			</isNull> -->
						<if test='DEPT_CD.equals("CD0304")'>  
							AND CB.DESTDEVICEADDRESS = "ipad"
						</if>
						<if test='DEPT_CD.equals("CD0304")'> 
							AND CB.DESTDEVICEADDRESS = "lync"
						</if>
					GROUP BY CB.ORIGDEVICEADDRESS
					UNION ALL
					SELECT CB.DESTDEVICEADDRESS AS DEVICE_IP,           
			               SUM(CB.DURATION) AS SEC_DURATION,
				           COUNT(CB.ID) AS CALL_COUNT,
				           FROM_UNIXTIME(CB.DATETIMECONNECT, '%Y-%m-%d %H:%i:%s') AS START_TIME
					FROM CDR_BACKUP CB
					WHERE 
		<!-- 			<dynamic> -->
						<if test='VIEW_TYPE.equals("Y")'>
							DATE_FORMAT(CONVERT_LOCALTIME2(FROM_UNIXTIME(CB.DATETIMECONNECT, '%Y-%m-%d %H:%i:%s'), #{UNLOCODE}), '%Y') &gt;= #{SDATE}
							AND DATE_FORMAT(CONVERT_LOCALTIME2(FROM_UNIXTIME(CB.DATETIMECONNECT, '%Y-%m-%d %H:%i:%s'), #{UNLOCODE}), '%Y') &lt;= #{EDATE}
						</if>
						<if test='VIEW_TYPE.equals("M")'>
							DATE_FORMAT(CONVERT_LOCALTIME2(FROM_UNIXTIME(CB.DATETIMECONNECT, '%Y-%m-%d %H:%i:%s'), #{UNLOCODE}), '%Y%m') &gt;= #{SDATE}
							AND DATE_FORMAT(CONVERT_LOCALTIME2(FROM_UNIXTIME(CB.DATETIMECONNECT, '%Y-%m-%d %H:%i:%s'), #{UNLOCODE}), '%Y%m') &lt;= #{EDATE}
						</if>
						<if test='VIEW_TYPE.equals("D")'>
							DATE_FORMAT(CONVERT_LOCALTIME2(FROM_UNIXTIME(CB.DATETIMECONNECT, '%Y-%m-%d %H:%i:%s'), #{UNLOCODE}), '%Y%m%d') &gt;= #{SDATE}
							AND DATE_FORMAT(CONVERT_LOCALTIME2(FROM_UNIXTIME(CB.DATETIMECONNECT, '%Y-%m-%d %H:%i:%s'), #{UNLOCODE}), '%Y%m%d') &lt;= #{EDATE}
						</if>
						<if test='VIEW_TYPE.equals("H")'>
							DATE_FORMAT(CONVERT_LOCALTIME2(FROM_UNIXTIME(CB.DATETIMECONNECT, '%Y-%m-%d %H:%i:%s'), #{UNLOCODE}), '%Y%m%d') &gt;= #{SDATE}
							AND DATE_FORMAT(CONVERT_LOCALTIME2(FROM_UNIXTIME(CB.DATETIMECONNECT, '%Y-%m-%d %H:%i:%s'), #{UNLOCODE}), '%Y%m%d') &lt;= #{EDATE}
						</if>
		<!-- 			</dynamic> -->
		<!-- 			<isNull property="ENDPOINT_TYPE"> -->
						AND CB.DESTDEVICEADDRESS IN (SELECT E.ENDPOINT_IP 
												 FROM ENDPOINTS E 
												 WHERE E.ENDPOINT_KEY IN (SELECT E.ENDPOINT_KEY
																		FROM DEPARTMENT D, ENDPOINTS E
																		WHERE D.DEPT_CD = E.DEPT_CD
																		AND E.USE_YN = 'Y'
																		AND E.ACTIVE_YN = 'Y'
																		AND D.DEPT_CD IN (${DEPT_CD}))
		<!-- 			</isNull> -->
						<if test='DEPT_CD.equals("CD0304")'>  
							AND CB.DESTDEVICEADDRESS = "ipad"
						</if>
						<if test='DEPT_CD.equals("CD0304")'> 
							AND CB.DESTDEVICEADDRESS = "lync"
						</if>
					GROUP BY CB.DESTDEVICEADDRESS
				) A
				 	<if test='GROUP_TYPE.equals("Y")'>
						GROUP BY DATE_FORMAT(CONVERT_LOCALTIME2(A.START_TIME,#{UNLOCODE}),'%Y'),DISPLAY_NM
				 	</if>
				 	<if test='GROUP_TYPE.equals("M")'>
						GROUP BY DATE_FORMAT(CONVERT_LOCALTIME2(A.START_TIME,#{UNLOCODE}),'%Y%m'),DISPLAY_NM 	
				 	</if>
				 	<if test='GROUP_TYPE.equals("D")'>
						GROUP BY DATE_FORMAT(CONVERT_LOCALTIME2(A.START_TIME,#{UNLOCODE}),'%Y%m%d'),DISPLAY_NM
				 	</if>
				 	<if test='GROUP_TYPE.equals("H")'>
						GROUP BY DATE_FORMAT(CONVERT_LOCALTIME2(A.START_TIME,#{UNLOCODE}),'%H'),DISPLAY_NM
				 	</if>
		         ) T                
		GROUP BY T.DISPLAY_NM
	</select>



	<select id="RES_ALL_DATA" parameterType="itsMap" resultType="itsMap">
		SELECT  
				 	<if test='VIEW_TYPE.equals("Y")'>
				 		DATE_FORMAT(CONVERT_LOCALTIME2(S.START_TIME,#{UNLOCODE}),'%Y') AS DATE_VALUE
				 	</if>
				 	<if test='VIEW_TYPE.equals("M")'>
				 		DATE_FORMAT(CONVERT_LOCALTIME2(S.START_TIME,#{UNLOCODE}),'%Y/%c') AS DATE_VALUE
				 	</if>
				 	<if test='VIEW_TYPE.equals("D")'>
				 		DATE_FORMAT(CONVERT_LOCALTIME2(S.START_TIME,#{UNLOCODE}),'%Y/%c/%e') AS DATE_VALUE
				 	</if>
				 	<if test='VIEW_TYPE.equals("H")'>
				 		DATE_FORMAT(CONVERT_LOCALTIME2(S.START_TIME,#{UNLOCODE}),'%k') AS DATE_VALUE
				 	</if>
		      , O.ORG_NM AS DISPLAY_NM         
		      , O.ORG_KEY AS KEY_VALUE   
		      , TIME_FORMAT(SEC_TO_TIME(SUM(S.DURATION)*60),'%H:%i') AS RES_DURATION_TO_TIME
		      , SUM(S.DURATION) AS RES_MIN_DURATION 
		      , COUNT(S.SCHEDULE_ID) AS RES_CALL_COUNT              
		      ,'Reservation' AS VIEW_NM  
		  FROM  SCHEDULE S ,ORGANIZATION O 
		  WHERE S.SCHEDULER_ORG_KEY = O.ORG_KEY
		   AND S.USE_YN = 'Y'     
		 	<if test='VIEW_TYPE.equals("Y")'>
				AND DATE_FORMAT(CONVERT_LOCALTIME2(S.START_TIME, #{UNLOCODE}),'%Y') &gt;= #{START_TIME}
				AND DATE_FORMAT(CONVERT_LOCALTIME2(S.START_TIME, #{UNLOCODE}),'%Y') &lt;= #{END_TIME}
				GROUP BY DATE_FORMAT(CONVERT_LOCALTIME2(S.START_TIME,#{UNLOCODE}),'%Y'),S.SCHEDULER_ORG_KEY 
		 	</if>
		 	<if test='VIEW_TYPE.equals("M")'>
				AND DATE_FORMAT(CONVERT_LOCALTIME2(S.START_TIME, #{UNLOCODE}),'%Y%m')  &gt;= #{START_TIME}
				AND DATE_FORMAT(CONVERT_LOCALTIME2(S.START_TIME, #{UNLOCODE}),'%Y%m') &lt;= #{END_TIME}
				GROUP BY DATE_FORMAT(CONVERT_LOCALTIME2(S.START_TIME,#{UNLOCODE}),'%Y%m'),S.SCHEDULER_ORG_KEY 
		 	</if>
		 	<if test='VIEW_TYPE.equals("D")'>
				AND DATE_FORMAT(CONVERT_LOCALTIME2(S.START_TIME, #{UNLOCODE}),'%Y%m%d') &gt;= #{START_TIME}
				AND DATE_FORMAT(CONVERT_LOCALTIME2(S.START_TIME, #{UNLOCODE}),'%Y%m%d') &lt;= #{END_TIME}
				GROUP BY DATE_FORMAT(CONVERT_LOCALTIME2(S.START_TIME,#{UNLOCODE}),'%Y%m%d'),S.SCHEDULER_ORG_KEY 
		 	</if>
		 	<if test='VIEW_TYPE.equals("H")'>
				AND DATE_FORMAT(CONVERT_LOCALTIME2(S.START_TIME, #{UNLOCODE}),'%Y%m%d') &gt;= #{START_TIME}
				AND DATE_FORMAT(CONVERT_LOCALTIME2(S.START_TIME, #{UNLOCODE}),'%Y%m%d') &lt;= #{END_TIME}
				GROUP BY DATE_FORMAT(CONVERT_LOCALTIME2(S.START_TIME,#{UNLOCODE}),'%H'),S.SCHEDULER_ORG_KEY 
		 	</if>
    </select>

	<select id="RES_ALL_ALL_SUM" parameterType="itsMap" resultType="itsMap">
			SELECT SUM(T.RES_MIN_DURATION) AS DURATION, T. DISPLAY_NM AS NAME, SUM(T.RES_CALL_COUNT) AS COUNT,  TIME_FORMAT(SEC_TO_TIME(SUM(T.RES_MIN_DURATION)*60),'%H:%i') AS RES_DURATION_TO_TIME
			FROM( 	SELECT  
		         	<if test='VIEW_TYPE.equals("Y")'>
					 		DATE_FORMAT(CONVERT_LOCALTIME2(S.START_TIME,#{UNLOCODE}),'%Y') AS DATE_VALUE
					 	</if>
					 	<if test='VIEW_TYPE.equals("M")'>
					 		DATE_FORMAT(CONVERT_LOCALTIME2(S.START_TIME,#{UNLOCODE}),'%Y/%c') AS DATE_VALUE
					 	</if>
					 	<if test='VIEW_TYPE.equals("D")'>
					 		DATE_FORMAT(CONVERT_LOCALTIME2(S.START_TIME,#{UNLOCODE}),'%Y/%c/%e') AS DATE_VALUE
					 	</if>
					 	<if test='VIEW_TYPE.equals("H")'>
					 		DATE_FORMAT(CONVERT_LOCALTIME2(S.START_TIME,#{UNLOCODE}),'%k') AS DATE_VALUE
					 	</if>
			      , O.ORG_NM AS DISPLAY_NM         
			      , O.ORG_KEY AS KEY_VALUE   
			      , TIME_FORMAT(SEC_TO_TIME(SUM(S.DURATION)*60),'%H:%i:%s') AS RES_DURATION_TO_TIME
			      , SUM(S.DURATION) AS RES_MIN_DURATION 
			      , COUNT(S.SCHEDULE_ID) AS RES_CALL_COUNT              
			      ,'Reservation' AS VIEW_NM  
			  FROM  SCHEDULE S ,ORGANIZATION O 
			  WHERE S.SCHEDULER_ORG_KEY = O.ORG_KEY
			   AND S.USE_YN = 'Y'     
			 <if test='VIEW_TYPE.equals("Y")'>
					AND DATE_FORMAT(CONVERT_LOCALTIME2(S.START_TIME, #{UNLOCODE}),'%Y') &gt;= #{START_TIME}
					AND DATE_FORMAT(CONVERT_LOCALTIME2(S.START_TIME, #{UNLOCODE}),'%Y') &lt;= #{END_TIME}
					GROUP BY DATE_FORMAT(CONVERT_LOCALTIME2(S.START_TIME,#{UNLOCODE}),'%Y'),S.SCHEDULER_ORG_KEY 
			 	</if>
			 	<if test='VIEW_TYPE.equals("M")'>
					AND DATE_FORMAT(CONVERT_LOCALTIME2(S.START_TIME, #{UNLOCODE}),'%Y%m')  &gt;= #{START_TIME}
					AND DATE_FORMAT(CONVERT_LOCALTIME2(S.START_TIME, #{UNLOCODE}),'%Y%m') &lt;= #{END_TIME}
					GROUP BY DATE_FORMAT(CONVERT_LOCALTIME2(S.START_TIME,#{UNLOCODE}),'%Y%m'),S.SCHEDULER_ORG_KEY 
			 	</if>
			 	<if test='VIEW_TYPE.equals("D")'>
					AND DATE_FORMAT(CONVERT_LOCALTIME2(S.START_TIME, #{UNLOCODE}),'%Y%m%d') &gt;= #{START_TIME}
					AND DATE_FORMAT(CONVERT_LOCALTIME2(S.START_TIME, #{UNLOCODE}),'%Y%m%d') &lt;= #{END_TIME}
					GROUP BY DATE_FORMAT(CONVERT_LOCALTIME2(S.START_TIME,#{UNLOCODE}),'%Y%m%d'),S.SCHEDULER_ORG_KEY 
			 	</if>
			 	<if test='VIEW_TYPE.equals("H")'>
					AND DATE_FORMAT(CONVERT_LOCALTIME2(S.START_TIME, #{UNLOCODE}),'%Y%m%d') &gt;= #{START_TIME}
					AND DATE_FORMAT(CONVERT_LOCALTIME2(S.START_TIME, #{UNLOCODE}),'%Y%m%d') &lt;= #{END_TIME}
					GROUP BY DATE_FORMAT(CONVERT_LOCALTIME2(S.START_TIME,#{UNLOCODE}),'%H'),S.SCHEDULER_ORG_KEY 
			 	</if>
         ) T                
		GROUP BY T.KEY_VALUE;
	</select>    
    
    
    <select id="SELECT_CDR_MASTER_CNT" parameterType="itsMap" resultType="itsMap">
		SELECT COUNT(A.NAME) AS TOTAL_CNT
		FROM (
			SELECT * FROM CDR_MASTER
			WHERE RECORD_TYPE = 'CALLSTART'
			<![CDATA[
				AND		DATE_FORMAT(CONVERT_LOCALTIME2(TIME, #{UNLOCODE }),'%Y%m%d%H%i') <= #{END_TIME}
				AND		DATE_FORMAT(CONVERT_LOCALTIME2(TIME, #{UNLOCODE }),'%Y%m%d%H%i') >= #{START_TIME}
			]]> 
			) A
			,(
			SELECT * FROM CDR_MASTER
			WHERE RECORD_TYPE = 'CALLEND'
			<![CDATA[
				AND		DATE_FORMAT(CONVERT_LOCALTIME2(TIME, #{UNLOCODE }),'%Y%m%d%H%i') <= #{END_TIME}
				AND		DATE_FORMAT(CONVERT_LOCALTIME2(TIME, #{UNLOCODE }),'%Y%m%d%H%i') >= #{START_TIME}
			]]>
			) B
		WHERE A.CALL_ID = B.CALL_ID 
		<if test="S_SEARCH_VAL != null and S_SEARCH_VAL !='' ">
	   		<if test="S_SEARCH_GB == 'NAME'">
	            AND A.NAME LIKE #{S_SEARCH_VAL}
	   		</if>
	   </if>  
	</select>
	
	<select id="SELECT_CDR_MASTER_INFO" parameterType="itsMap" resultType="itsMap">
		SELECT A.CALL_ID
			, A.COSPACE
			, A.NAME
			, DATE_FORMAT(CONVERT_LOCALTIME2(A.TIME, #{UNLOCODE }), '%Y-%m-%d %H:%i:%S') AS START_TIME
			, DATE_FORMAT(CONVERT_LOCALTIME2(B.TIME, #{UNLOCODE }), '%Y-%m-%d %H:%i:%S') AS END_TIME
			, B.CALLLEGSCOMPLETED
			, B.CALLLEGSMAXACTIVE
			, B.DURATIONSECONDS
		FROM (
			SELECT * FROM CDR_MASTER
			WHERE RECORD_TYPE = 'CALLSTART'
			<![CDATA[
				AND		DATE_FORMAT(CONVERT_LOCALTIME2(TIME, #{UNLOCODE }),'%Y%m%d%H%i') <= #{END_TIME}
				AND		DATE_FORMAT(CONVERT_LOCALTIME2(TIME, #{UNLOCODE }),'%Y%m%d%H%i') >= #{START_TIME}
			]]> 
			) A
			,(
			SELECT * FROM CDR_MASTER
			WHERE RECORD_TYPE = 'CALLEND'
			<![CDATA[
				AND		DATE_FORMAT(CONVERT_LOCALTIME2(TIME, #{UNLOCODE }),'%Y%m%d%H%i') <= #{END_TIME}
				AND		DATE_FORMAT(CONVERT_LOCALTIME2(TIME, #{UNLOCODE }),'%Y%m%d%H%i') >= #{START_TIME}
			]]>
			) B
		WHERE A.CALL_ID = B.CALL_ID 
		<if test="S_SEARCH_VAL != null and S_SEARCH_VAL !='' ">
	   		<if test="S_SEARCH_GB == 'NAME'">
	            AND A.NAME LIKE #{S_SEARCH_VAL}
	   		</if>
	   </if>  
		ORDER BY START_TIME DESC
		<if test="NPAGE != null">
		   LIMIT #{NPAGE}, #{FETCH}
		</if>
	
	</select>
    
    
    <select id="SELECT_CDR_DETAIL_INFO" parameterType="itsMap" resultType="itsMap">
		SELECT A.CALL_ID
			, A.CALLLEG_ID
			, B.DISPLAY_NAME
			, DATE_FORMAT(CONVERT_LOCALTIME2(B.TIME, #{UNLOCODE }), '%Y-%m-%d %H:%i:%S') AS START_TIME
			, DATE_FORMAT(CONVERT_LOCALTIME2(C.TIME, #{UNLOCODE }), '%Y-%m-%d %H:%i:%S') AS END_TIME
			, B.LOCAL_ADDRESS
			, B.REMOTE_ADDRESS
			, B.REMOTE_PARTY
			, C.DURATIONSECONDS
		FROM 
			(
			SELECT DISTINCT CALL_ID
				 , CALLLEG_ID
			FROM CDR_DETAIL
			WHERE RECORD_TYPE = 'CALLLEGUPDATE'
			AND CALL_ID IS NOT NULL
			) A
		,
			(
			SELECT * FROM CDR_DETAIL
			WHERE RECORD_TYPE = 'CALLLEGSTART'
			<![CDATA[
				AND		DATE_FORMAT(CONVERT_LOCALTIME2(TIME, #{UNLOCODE }),'%Y%m%d%H%i') <= #{END_TIME}
				AND		DATE_FORMAT(CONVERT_LOCALTIME2(TIME, #{UNLOCODE }),'%Y%m%d%H%i') >= #{START_TIME}
			]]> 
			) B
		,
			(
			SELECT * FROM CDR_DETAIL
			WHERE RECORD_TYPE = 'CALLLEGEND'
			<![CDATA[
				AND		DATE_FORMAT(CONVERT_LOCALTIME2(TIME, #{UNLOCODE }),'%Y%m%d%H%i') <= #{END_TIME}
				AND		DATE_FORMAT(CONVERT_LOCALTIME2(TIME, #{UNLOCODE }),'%Y%m%d%H%i') >= #{START_TIME}
			]]> 
			) C
		WHERE A.CALLLEG_ID = B.CALLLEG_ID
		AND A.CALLLEG_ID = C.CALLLEG_ID
		<if test="CALL_ID != null">
		   AND A.CALL_ID = #{CALL_ID}
		</if>
		ORDER BY START_TIME ASC
	</select>


<!-- 	총 누적예약시간 -->
	<select id="SELECT_RES_TOTAL" parameterType="itsMap" resultType="itsMap">
		SELECT SUM(DURATION) AS RES_TOTAL
		FROM SCHEDULE
		<![CDATA[
		WHERE DATE_FORMAT(CONVERT_LOCALTIME2(START_TIME, #{UNLOCODE }),'%Y%m%d%H%i') >= #{START_TIME} 
		AND DATE_FORMAT(CONVERT_LOCALTIME2(START_TIME, #{UNLOCODE }),'%Y%m%d%H%i') <= #{END_TIME}
		AND SCHEDULE_TYPE != 'CD0203' 
		AND USE_YN = 'Y'
		]]> 
	</select>
	
<!-- 	총 실사용 시간 -->
	<select id="SELECT_CDR_TOTAL" parameterType="itsMap" resultType="itsMap">
		 SELECT FLOOR(SUM(DURATIONSECONDS/60)) AS CDR_TOTAL
		 FROM CDR_DETAIL
		 <![CDATA[
		WHERE DATE_FORMAT(CONVERT_LOCALTIME2(DATE_SUB(TIME, INTERVAL DURATIONSECONDS SECOND), #{UNLOCODE }),'%Y%m%d%H%i') >= #{START_TIME} 
		AND DATE_FORMAT(CONVERT_LOCALTIME2(DATE_SUB(TIME, INTERVAL DURATIONSECONDS SECOND), #{UNLOCODE }),'%Y%m%d%H%i') <= #{END_TIME}
		]]> 
	</select>
	
	
<!-- 	예약건수 -->
	<select id="SELECT_RES_COUNT" parameterType="itsMap" resultType="itsMap">
		SELECT COUNT(SCHEDULE_ID) AS RES_COUNT
		FROM SCHEDULE
		<![CDATA[
		WHERE DATE_FORMAT(CONVERT_LOCALTIME2(START_TIME, #{UNLOCODE }),'%Y%m%d%H%i') >= #{START_TIME} 
		AND DATE_FORMAT(CONVERT_LOCALTIME2(START_TIME, #{UNLOCODE }),'%Y%m%d%H%i') <= #{END_TIME}
		AND SCHEDULE_TYPE != 'CD0203'
		AND USE_YN = 'Y'
		]]>
	</select>
	
<!-- 	완료된 회의 건수 -->
	<select id="SELECT_RES_DONE_COUNT" parameterType="itsMap" resultType="itsMap">
		SELECT COUNT(SCHEDULE_ID) AS RES_DONE_COUNT
		FROM SCHEDULE 
		<![CDATA[
		WHERE DATE_FORMAT(CONVERT_LOCALTIME2(START_TIME, #{UNLOCODE }),'%Y%m%d%H%i') >= #{START_TIME} 
		AND DATE_FORMAT(CONVERT_LOCALTIME2(START_TIME, #{UNLOCODE }),'%Y%m%d%H%i') <= #{CURRENT_TIME}
		AND SCHEDULE_TYPE != 'CD0203'
		AND USE_YN = 'Y'
		]]> 
	</select>
	
<!-- 	진행중인 회의건수 -->
	<select id="SELECT_REALTIME_COUNT" parameterType="itsMap" resultType="itsMap">
		SELECT COUNT(SCHEDULE_ID) AS REALTIME_COUNT
		FROM SCHEDULE
		<![CDATA[
		WHERE DATE_FORMAT(CONVERT_LOCALTIME2(START_TIME, #{UNLOCODE }),'%Y%m%d%H%i') <= #{CURRENT_TIME} 
		AND DATE_FORMAT(CONVERT_LOCALTIME2(END_TIME, #{UNLOCODE }),'%Y%m%d%H%i') >= #{CURRENT_TIME}
		AND SCHEDULE_TYPE != 'CD0203' 
		AND USE_YN = 'Y'
		]]> 
	</select>
	
<!-- 	실 사용 건수 -->
	<select id="SELECT_CDR_REAL_COUNT" parameterType="itsMap" resultType="itsMap">
	    SELECT COUNT(RECORD_TYPE) AS CDR_COUNT
		FROM CDR_DETAIL
		WHERE RECORD_TYPE = 'callLegEnd'
		<![CDATA[
		AND DATE_FORMAT(CONVERT_LOCALTIME2(DATE_SUB(TIME, INTERVAL DURATIONSECONDS SECOND), #{UNLOCODE }),'%Y%m%d%H%i') >= #{START_TIME} 
		AND DATE_FORMAT(CONVERT_LOCALTIME2(DATE_SUB(TIME, INTERVAL DURATIONSECONDS SECOND), #{UNLOCODE }),'%Y%m%d%H%i') <= #{END_TIME} 
		]]>
	</select>
	
	
	
<!-- 	참석인원(총 절감비용계산때 사용) -->
	<select id="SELECT_CDR_CALLLEGMAXACTIVE"  parameterType="itsMap" resultType="itsMap">
		SELECT COUNT(*) AS CONNECT_COUNT 
			 , SUM(AC.CONNECT) AS CONNECT_SUM
		FROM(
		  SELECT AB.COSPACE
		  	   , MAX(AB.CALLLEGSMAXACTIVE) AS CONNECT
		  FROM(
		    SELECT  A.COSPACE , B.CALLLEGSMAXACTIVE
		     FROM ( SELECT TIME ,CALL_ID ,COSPACE 
		            FROM CDR_MASTER 
		            WHERE RECORD_TYPE = 'CALLSTART' 
						 <![CDATA[
							AND DATE_FORMAT(CONVERT_LOCALTIME2(TIME, #{UNLOCODE }),'%Y%m%d%H%i') >= #{START_TIME} 
							AND DATE_FORMAT(CONVERT_LOCALTIME2(TIME, #{UNLOCODE }),'%Y%m%d%H%i') <= #{END_TIME}  
							]]> 
		            ) A ,
		          ( SELECT TIME, CALLLEGSMAXACTIVE ,CALL_ID 
		            FROM CDR_MASTER 
		            WHERE RECORD_TYPE = 'CALLEND' 
						 <![CDATA[
							AND DATE_FORMAT(CONVERT_LOCALTIME2(TIME, #{UNLOCODE }),'%Y%m%d%H%i') >= #{START_TIME} 
							AND DATE_FORMAT(CONVERT_LOCALTIME2(TIME, #{UNLOCODE }),'%Y%m%d%H%i') <= #{END_TIME} 
							]]> 
		            ) B 
		     WHERE A.CALL_ID = B.CALL_ID 
		     AND A.COSPACE IS NOT NULL
		        
		   ) AS AB    
		  GROUP BY AB.COSPACE
		) AS AC
    </select>



<!-- 	회사별 사용시간  스케줄 기준으로 계산-->
	<select id="RES_DEPT_DATA" parameterType="itsMap" resultType="itsMap">
	SELECT SUM(S.DURATION) AS DURATION 
		  ,COUNT(S.DURATION) AS CNT
		  ,S.COMP_CD AS COMP_CD   
	FROM(
      SELECT S.DURATION, M.COMP_CD, S.TITLE, S.SCHEDULE_ID 
      FROM SCHEDULE S, MEMBER M 
      WHERE S.INPUT_ID = M.MEMBER_ID
      AND M.AUTH_CD != 'CD0101'
      AND S.SCHEDULE_TYPE != 'CD0203'  
      AND S.USE_YN = 'Y'   
      <![CDATA[
	  AND DATE_FORMAT(CONVERT_LOCALTIME2(S.START_TIME, #{UNLOCODE }),'%Y%m%d%H%i') >= #{START_TIME} 
	  AND DATE_FORMAT(CONVERT_LOCALTIME2(S.START_TIME, #{UNLOCODE }),'%Y%m%d%H%i') <= #{END_TIME} 
	  ]]> 
	) S
	WHERE 	S.COMP_CD IS NOT NULL
	GROUP BY COMP_CD
	</select>
	
	<!-- Reservation Yearly for Endpoint -->
    <select id="CDR_CALLLEGMAX_SELECT"  parameterType="itsMap" resultType="itsMap">
    	SELECT SUM(CALLLEGSMAXACTIVE) AS CONNECT_COUNT, 
    	<if test='VIEW_TYPE.equals("M")'>
    		<![CDATA[ 
    		DATE_FORMAT(CONVERT_LOCALTIME2(TIME,#{UNLOCODE }),'%m') AS DATE_VALUE
    		]]>
    	</if>
    	<if test='VIEW_TYPE.equals("W")'>
    		<![CDATA[ 
    		MONTH(CONVERT_LOCALTIME2(TIME,#{UNLOCODE })) AS MONTH,
    		WEEK(CONVERT_LOCALTIME2(TIME,#{UNLOCODE }))-WEEK(DATE_FORMAT(CONVERT_LOCALTIME2(TIME,#{UNLOCODE }),'%Y-%m-01 00:00:00'))+1 AS DATE_VALUE
    		]]>
    	</if>
    	<if test='VIEW_TYPE.equals("H")'>
    		<![CDATA[ 
    		DATE_FORMAT(CONVERT_LOCALTIME2(TIME,#{UNLOCODE }),'%H') AS DATE_VALUE
    		]]>
    	</if>
		FROM CDR_MASTER
		WHERE RECORD_TYPE = 'callEnd'
		<if test='VIEW_TYPE.equals("M")'>
			<![CDATA[
			AND DATE_FORMAT(CONVERT_LOCALTIME2(TIME, #{UNLOCODE }),'%Y') >= #{START_TIME} 
			AND DATE_FORMAT(CONVERT_LOCALTIME2(TIME, #{UNLOCODE }),'%Y') <= #{END_TIME}
			GROUP BY DATE_FORMAT(CONVERT_LOCALTIME2(TIME,#{UNLOCODE }),'%m') 
	 		ORDER BY DATE_VALUE ASC
		 	]]>
	 	</if>
	 	<if test='VIEW_TYPE.equals("W")'>
	 		<![CDATA[
			AND DATE_FORMAT(CONVERT_LOCALTIME2(TIME, #{UNLOCODE }),'%Y%m') >= #{START_TIME} 
			AND DATE_FORMAT(CONVERT_LOCALTIME2(TIME, #{UNLOCODE }),'%Y%m') <= #{END_TIME}
			GROUP BY MONTH(CONVERT_LOCALTIME2(TIME,'Asia/Seoul')), WEEK(CONVERT_LOCALTIME2(TIME,#{UNLOCODE }))-WEEK(DATE_FORMAT(CONVERT_LOCALTIME2(TIME,#{UNLOCODE }),'%Y-%m-01 00:00:00'))+1
			ORDER BY MONTH ASC, DATE_VALUE ASC
			]]>
	 	</if>
	 	<if test='VIEW_TYPE.equals("H")'>
	 		<![CDATA[
			AND DATE_FORMAT(CONVERT_LOCALTIME2(TIME, #{UNLOCODE }),'%Y%m%d') >= #{START_TIME} 
			AND DATE_FORMAT(CONVERT_LOCALTIME2(TIME, #{UNLOCODE }),'%Y%m%d') <= #{END_TIME}
			GROUP BY DATE_FORMAT(CONVERT_LOCALTIME2(TIME,#{UNLOCODE }),'%H')
			ORDER BY DATE_VALUE ASC
			 ]]>
	 	</if>
    </select>
    
    <select id="CDR_COUNT_SELECT"  parameterType="itsMap" resultType="itsMap">
		SELECT COUNT(*) AS CONNECT_COUNT 
			 , SUM(AC.CONNECT) AS CONNECT_SUM
			 , AC.DATE_VALUE 
			<if test='VIEW_TYPE.equals("W")'>
 	    	 , AC.MONTH
    		</if>
    		<if test='VIEW_TYPE.equals("D")'>
 	    	 , AC.MONTH
    		</if>
		FROM(
		  SELECT AB.COSPACE
		  	   , AB.DATE_VALUE 
		  	   , MAX(AB.CALLLEGSMAXACTIVE) AS CONNECT
		  	    <if test='VIEW_TYPE.equals("W")'>
	 	       , AB.MONTH
	    		</if>
	    		<if test='VIEW_TYPE.equals("D")'>
	 	       , AB.MONTH
	    		</if>
		  FROM(
		  
		    SELECT  A.COSPACE , B.CALLLEGSMAXACTIVE
		      <if test='VIEW_TYPE.equals("M")'>
	    		<![CDATA[ 
	    		, DATE_FORMAT(CONVERT_LOCALTIME2(A.TIME,#{UNLOCODE }),'%m') AS DATE_VALUE
	    		]]>
	    	</if>
	    	<if test='VIEW_TYPE.equals("W")'>
	    		<![CDATA[ 
	    		, MONTH(CONVERT_LOCALTIME2(A.TIME,#{UNLOCODE })) AS MONTH
	    		, WEEK(CONVERT_LOCALTIME2(A.TIME,#{UNLOCODE }))-WEEK(DATE_FORMAT(CONVERT_LOCALTIME2(A.TIME,#{UNLOCODE }),'%Y-%m-01 00:00:00'))+1 AS DATE_VALUE
	    		]]>
	    	</if>
	    	<if test='VIEW_TYPE.equals("D")'>
	    		<![CDATA[ 
	    		, MONTH(CONVERT_LOCALTIME2(A.TIME,#{UNLOCODE })) AS MONTH
	    		, DATE_FORMAT(CONVERT_LOCALTIME2(A.TIME,#{UNLOCODE }),'%d') AS DATE_VALUE
	    		]]>
	    	</if>
	    	<if test='VIEW_TYPE.equals("H")'>
	    		<![CDATA[ 
	    		, DATE_FORMAT(CONVERT_LOCALTIME2(A.TIME,#{UNLOCODE }),'%H') AS DATE_VALUE
	    		]]>
	    	</if>	 
		          
		     FROM ( SELECT TIME ,CALL_ID ,COSPACE 
		            FROM CDR_MASTER 
		            WHERE RECORD_TYPE = 'CALLSTART' 
		            <if test='VIEW_TYPE.equals("M")'>
						<![CDATA[
						AND DATE_FORMAT(CONVERT_LOCALTIME2(TIME, #{UNLOCODE }),'%Y') >= #{START_TIME} 
						AND DATE_FORMAT(CONVERT_LOCALTIME2(TIME, #{UNLOCODE }),'%Y') <= #{END_TIME}
					 	]]>
				 	</if>
				 	<if test='VIEW_TYPE.equals("W")'>
				 		<![CDATA[
						AND DATE_FORMAT(CONVERT_LOCALTIME2(TIME, #{UNLOCODE }),'%Y%m') >= #{START_TIME} 
						AND DATE_FORMAT(CONVERT_LOCALTIME2(TIME, #{UNLOCODE }),'%Y%m') <= #{END_TIME}
						 ]]>
				 	</if>
				 	<if test='VIEW_TYPE.equals("D")'>
			    		<![CDATA[ 
			    		AND DATE_FORMAT(CONVERT_LOCALTIME2(TIME, #{UNLOCODE }),'%Y%m%d') >= #{START_TIME }
						AND DATE_FORMAT(CONVERT_LOCALTIME2(TIME, #{UNLOCODE }),'%Y%m%d') <= #{END_TIME }
			    		]]>
			    	</if>
				 	<if test='VIEW_TYPE.equals("H")'>
				 		<![CDATA[
						AND DATE_FORMAT(CONVERT_LOCALTIME2(TIME, #{UNLOCODE }),'%Y%m%d') >= #{START_TIME }
						AND DATE_FORMAT(CONVERT_LOCALTIME2(TIME, #{UNLOCODE }),'%Y%m%d') <= #{END_TIME }
						 ]]>
				 	</if> 
		            ) A ,
		          ( SELECT TIME, CALLLEGSMAXACTIVE ,CALL_ID 
		            FROM CDR_MASTER 
		            WHERE RECORD_TYPE = 'CALLEND' 
		            <if test='VIEW_TYPE.equals("M")'>
						<![CDATA[
						AND DATE_FORMAT(CONVERT_LOCALTIME2(TIME, #{UNLOCODE }),'%Y') >= #{START_TIME} 
						AND DATE_FORMAT(CONVERT_LOCALTIME2(TIME, #{UNLOCODE }),'%Y') <= #{END_TIME}
					 	]]>
				 	</if>
				 	<if test='VIEW_TYPE.equals("W")'>
				 		<![CDATA[
						AND DATE_FORMAT(CONVERT_LOCALTIME2(TIME, #{UNLOCODE }),'%Y%m') >= #{START_TIME} 
						AND DATE_FORMAT(CONVERT_LOCALTIME2(TIME, #{UNLOCODE }),'%Y%m') <= #{END_TIME}
						 ]]>
				 	</if>
				 	<if test='VIEW_TYPE.equals("D")'>
				 		<![CDATA[
						AND DATE_FORMAT(CONVERT_LOCALTIME2(TIME, #{UNLOCODE }),'%Y%m%d') >= #{START_TIME }
						AND DATE_FORMAT(CONVERT_LOCALTIME2(TIME, #{UNLOCODE }),'%Y%m%d') <= #{END_TIME }
						 ]]>
				 	</if>
				 	<if test='VIEW_TYPE.equals("H")'>
				 		<![CDATA[
						AND DATE_FORMAT(CONVERT_LOCALTIME2(TIME, #{UNLOCODE }),'%Y%m%d') >= #{START_TIME }
						AND DATE_FORMAT(CONVERT_LOCALTIME2(TIME, #{UNLOCODE }),'%Y%m%d') <= #{END_TIME }
						 ]]>
				 	</if> 
		            ) B 
		     WHERE A.CALL_ID = B.CALL_ID 
		     AND A.COSPACE IS NOT NULL
		        
		   ) AS AB    
		  GROUP BY AB.COSPACE
		  		   <if test='VIEW_TYPE.equals("W")'>
						,AB.MONTH
				 	</if>
				 	<if test='VIEW_TYPE.equals("D")'>
						,AB.MONTH
				 	</if>
		  		   ,AB.DATE_VALUE
		) AS AC
		GROUP BY AC.DATE_VALUE
					<if test='VIEW_TYPE.equals("W")'>
						,AC.MONTH
				 	</if>
				 	<if test='VIEW_TYPE.equals("D")'>
						,AC.MONTH
				 	</if>
		ORDER BY 
				<if test='VIEW_TYPE.equals("W")'>
					AC.MONTH ASC,
			 	</if>
			 	<if test='VIEW_TYPE.equals("D")'>
					AC.MONTH ASC,
			 	</if>		 	
				AC.DATE_VALUE ASC
    </select>
    
<!-- 	전체예약사용현황	(일반예약인 경우는 제외 / CD0203) -->
    <select id="RES_PERIOD_SELECT"  parameterType="itsMap" resultType="itsMap">
    	SELECT 
    	COUNT(SCHEDULE_ID) AS CONNECT_COUNT, 
    	<if test='VIEW_TYPE.equals("M")'>
    		<![CDATA[ 
    		DATE_FORMAT(CONVERT_LOCALTIME2(START_TIME,#{UNLOCODE }),'%m') AS DATE_VALUE
    		]]>
    	</if>
    	<if test='VIEW_TYPE.equals("W")'>
    		<![CDATA[
    		MONTH(CONVERT_LOCALTIME2(START_TIME,#{UNLOCODE })) AS MONTH,
    		WEEK(CONVERT_LOCALTIME2(START_TIME,#{UNLOCODE }))-WEEK(DATE_FORMAT(CONVERT_LOCALTIME2(START_TIME,#{UNLOCODE }),'%Y-%m-01 00:00:00'))+1 AS DATE_VALUE
    		]]>
    	</if>
		FROM SCHEDULE S, MEMBER M
		WHERE S.INPUT_ID = M.MEMBER_ID
		AND S.SCHEDULE_TYPE != 'CD0203'
		AND S.USE_YN = 'Y'
		<if test="COMP_CD != null and COMP_CD !='' and COMP_CD != 'ALL'">
			AND M.COMP_CD = #{COMP_CD}
		</if>
		<if test='VIEW_TYPE.equals("M")'>
			<![CDATA[
			AND DATE_FORMAT(CONVERT_LOCALTIME2(START_TIME, #{UNLOCODE}),'%Y')  >= #{START_TIME}
			AND DATE_FORMAT(CONVERT_LOCALTIME2(START_TIME, #{UNLOCODE}),'%Y') <= #{END_TIME}
			GROUP BY DATE_FORMAT(CONVERT_LOCALTIME2(START_TIME,#{UNLOCODE }),'%m') 
		 	ORDER BY DATE_VALUE ASC
		 	]]>
	 	</if>
	 	<if test='VIEW_TYPE.equals("W")'>
	 		<![CDATA[
			AND DATE_FORMAT(CONVERT_LOCALTIME2(START_TIME, #{UNLOCODE}),'%Y%m')  >= #{START_TIME}
			AND DATE_FORMAT(CONVERT_LOCALTIME2(START_TIME, #{UNLOCODE}),'%Y%m') <= #{END_TIME}
			GROUP BY MONTH(CONVERT_LOCALTIME2(START_TIME,#{UNLOCODE })), WEEK(CONVERT_LOCALTIME2(START_TIME,#{UNLOCODE }))-WEEK(DATE_FORMAT(CONVERT_LOCALTIME2(START_TIME,#{UNLOCODE }),'%Y-%m-01 00:00:00'))+1
		 	ORDER BY MONTH ASC, DATE_VALUE ASC
			 ]]>
	 	</if>
    </select>
    
    
    <!-- 	한국은행 전체사용현황 하단부 차트	(사용자의 회사를 알수 없어서 전체예약 사용현황 일간데이터로 데체) -->
    <select id="MAIN_RES_SELECT" parameterType="itsMap" resultType="itsMap">
	 	SELECT  COUNT(SCHEDULE_ID) AS CONNECT_COUNT
		      , SUM(DURATION) AS CONNECT_SUM
		      , MONTH(CONVERT_LOCALTIME2(START_TIME,'Asia/Seoul')) AS MONTH
		      , DATE_FORMAT(CONVERT_LOCALTIME2(START_TIME,'Asia/Seoul'),'%d') AS DATE_VALUE 
		FROM SCHEDULE S, MEMBER M 
		WHERE S.INPUT_ID = M.MEMBER_ID 
		AND S.SCHEDULE_TYPE != 'CD0203' 
		AND S.USE_YN = 'Y' 
		<![CDATA[
		AND DATE_FORMAT(CONVERT_LOCALTIME2(S.START_TIME, #{UNLOCODE}),'%Y%m%d')  >= #{START_TIME}
		AND DATE_FORMAT(CONVERT_LOCALTIME2(S.START_TIME, #{UNLOCODE}),'%Y%m%d') <= #{END_TIME}
		]]>
<!-- 		%Y%m%d%H%i -->
		GROUP BY MONTH, DATE_FORMAT(CONVERT_LOCALTIME2(S.START_TIME,'Asia/Seoul'),'%d') 
		ORDER BY MONTH ASC, DATE_VALUE ASC 
		 	
    </select>
    
    <select id="CDR_DETAIL_SELECT"  parameterType="itsMap" resultType="itsMap">
	    SELECT DATE_FORMAT(CONVERT_LOCALTIME2(TIME,'Asia/Seoul'),'%H') AS DATE_VALUE, 
	       	   FLOOR(SUM(DURATIONSECONDS/60)) AS DURATION
		FROM CDR_DETAIL
		WHERE RECORD_TYPE = 'callLegEnd'
		AND DATE_FORMAT(CONVERT_LOCALTIME2(TIME, #{UNLOCODE }),'%Y%m%d') &gt;= #{START_TIME }
		AND DATE_FORMAT(CONVERT_LOCALTIME2(TIME, #{UNLOCODE }),'%Y%m%d') &lt;= #{END_TIME }
		GROUP BY DATE_FORMAT(CONVERT_LOCALTIME2(TIME,#{UNLOCODE }),'%H')
		ORDER BY DATE_VALUE ASC
		
    </select>
    
    <select id="SELECT_JABBER_LIST" parameterType="itsMap" resultType="itsMap">
		SELECT  JABBER_ID
		      , COMP_NM
		      , DEPT_NM
		      , USER_NM
		      , PHONE_NUM
		  FROM  JABBER
		 ORDER BY JABBER_ID
   	</select>
   	
   	<select id="SELECT_CHECK_JABBER" parameterType="itsMap" resultType="itsMap">
		SELECT COUNT(*) AS CNT
		  FROM JABBER
		 WHERE JABBER_ID = #{SELECTED_JABBER_ID}   
	</select>
	
   	<!-- INSERT 절 -->
   	<insert id="INSERT_JABBER_INFO" parameterType="itsMap">
   		INSERT INTO JABBER(
   			  JABBER_ID
			, USER_NM
			, PHONE_NUM
			, DEPT_NM
			, COMP_NM
   		)
   		VALUES (
   			  #{SELECTED_JABBER_ID }
   			, #{USER_NM }
			, #{PHONE_NUM }
			, #{DEPT_NM }
			, #{COMP_NM }
   		)
   	</insert>
   	
   	<!-- UPDATE 절 -->
   	<update id="UPDATE_JABBER_INFO" parameterType="itsMap">
   		UPDATE JABBER
			SET
			  	  USER_NM  = #{USER_NM }
			  	, PHONE_NUM = #{PHONE_NUM }  
   			  	, DEPT_NM	  = #{DEPT_NM }
			  	, COMP_NM	  = #{COMP_NM }
		  WHERE JABBER_ID  = #{SELECTED_JABBER_ID }
   	</update>
   	
   	<!-- DELETE 절 -->
   	<delete id="DELETE_JABBER_INFO" parameterType="itsMap">
   		DELETE FROM JABBER
   		WHERE JABBER_ID = #{SELECTED_JABBER_ID }
   	</delete>
   	
	
	<select id="SELECT_JABBER_CDR_DATA_CNT" parameterType="itsMap" resultType="itsMap">
	SELECT COUNT(*) AS TOTAL_CNT 
	FROM (
			SELECT CALLINGPARTYNUMBER
			      ,ORIGDEVICEADDRESS
			      ,FINALCALLEDPARTYNUMBER
			      ,DESTDEVICEADDRESS
			      ,FROM_UNIXTIME(DATETIMECONNECT, '%Y-%m-%d %H:%i:%s') AS START_TIME
				  ,FROM_UNIXTIME(DATETIMEDISCONNECT, '%Y-%m-%d %H:%i:%s') AS END_TIME
			      ,DURATION
			FROM CDR_BACKUP
			
			<![CDATA[
				WHERE FROM_UNIXTIME(DATETIMECONNECT, '%Y%m%d%H%i') >= #{START_TIME}
				AND FROM_UNIXTIME(DATETIMEDISCONNECT, '%Y%m%d%H%i') <= #{END_TIME}
			]]> 
		    <if test="S_SEARCH_VAL != null and S_SEARCH_VAL !='' ">
		   		<if test="S_SEARCH_GB == 'NUM'">
		            AND (
			    		CALLINGPARTYNUMBER LIKE #{S_SEARCH_VAL}
			    		OR 
			    		FINALCALLEDPARTYNUMBER LIKE #{S_SEARCH_VAL}
			    		)
		   		</if>
		   		<if test="S_SEARCH_GB == 'IP'">
		            AND (
			    		ORIGDEVICEADDRESS LIKE #{S_SEARCH_VAL}
			    		OR 
			    		DESTDEVICEADDRESS LIKE #{S_SEARCH_VAL}
			    		)
		   		</if>
		    </if> 
			ORDER BY START_TIME	
		) AS JABBER_CDR
	</select>
	
	<select id="SELECT_JABBER_CDR_DATA" parameterType="itsMap" resultType="itsMap">
	
	SELECT CALLINGPARTYNUMBER
	      ,ORIGDEVICEADDRESS
	      ,FINALCALLEDPARTYNUMBER
	      ,DESTDEVICEADDRESS
	      ,FROM_UNIXTIME(DATETIMECONNECT, '%Y-%m-%d %H:%i:%s') AS START_TIME
		  ,FROM_UNIXTIME(DATETIMEDISCONNECT, '%Y-%m-%d %H:%i:%s') AS END_TIME
	      ,DURATION
	FROM CDR_BACKUP
	
	<![CDATA[
		WHERE FROM_UNIXTIME(DATETIMECONNECT, '%Y%m%d%H%i') >= #{START_TIME}
		AND FROM_UNIXTIME(DATETIMEDISCONNECT, '%Y%m%d%H%i') <= #{END_TIME}
	]]> 
    <if test="S_SEARCH_VAL != null and S_SEARCH_VAL !='' ">
   		<if test="S_SEARCH_GB == 'NUM'">
            AND (
	    		CALLINGPARTYNUMBER LIKE #{S_SEARCH_VAL}
	    		OR 
	    		FINALCALLEDPARTYNUMBER LIKE #{S_SEARCH_VAL}
	    		)
   		</if>
   		<if test="S_SEARCH_GB == 'IP'">
            AND (
	    		ORIGDEVICEADDRESS LIKE #{S_SEARCH_VAL}
	    		OR 
	    		DESTDEVICEADDRESS LIKE #{S_SEARCH_VAL}
	    		)
   		</if>
    </if> 
	ORDER BY START_TIME	DESC
	<if test="NPAGE != null">
	   LIMIT #{NPAGE}, #{FETCH}
	</if>	
		
	</select>
	
	<select id="SELECT_INTEGRATED_CDR_DATA_CNT" parameterType="itsMap" resultType="itsMap">
	SELECT COUNT(*) AS TOTAL_CNT 
	FROM(
	SELECT * 
		FROM (
			select S.TITLE
				 , S.START_TIME AS START_TIME_RES
				 , S.END_TIME AS END_TIME_RES
				 , (SELECT  M.MEMBER_NM FROM  MEMBER M WHERE  M.MEMBER_ID = S.INPUT_ID AND M.AUTH_CD != 'CD0101') AS MEMBER_NM
		         , (SELECT  M.DEPT_NM FROM  MEMBER M WHERE  M.MEMBER_ID = S.INPUT_ID AND M.AUTH_CD != 'CD0101') AS DEPT_NM   
			     , S.URI
			     , S.RECORDING_YN
				 , A.*
			from
			
			(
			SELECT CD.DISPLAY_NAME AS OUTGOING_NAME
			      ,CD.REMOTE_PARTY AS OUTGOING_IP
			      ,CM.NAME AS INCOMING_NAME
			      ,CASE WHEN CM.SERVER_NO = 'CORE01' THEN '10.168.121.21' ELSE '10.168.121.22' END AS INCOMING_IP
			      ,CD.START_TIME
			      ,CD.END_TIME
			      ,CD.DURATIONSECONDS
			      ,'CMS' AS SERVER
			      ,CM.COSPACE
			FROM
			(
			    SELECT A.CALL_ID 
			    , A.CALLLEG_ID 
			    , B.DISPLAY_NAME 
			    , DATE_FORMAT(CONVERT_LOCALTIME2(B.TIME, 'Asia/Seoul'),'%Y-%m-%d %H:%i:%S') AS START_TIME 
			    , DATE_FORMAT(CONVERT_LOCALTIME2(C.TIME, 'Asia/Seoul'),'%Y-%m-%d %H:%i:%S') AS END_TIME 
			    , B.LOCAL_ADDRESS , B.REMOTE_ADDRESS , B.REMOTE_PARTY , C.DURATIONSECONDS
			    , C.REASON
			    FROM ( 
			    SELECT MAX(CALL_ID) AS CALL_ID, CALLLEG_ID  FROM CDR_DETAIL WHERE RECORD_TYPE = 'CALLLEGUPDATE' 
			    <![CDATA[
					AND		DATE_FORMAT(CONVERT_LOCALTIME2(TIME, #{UNLOCODE }),'%Y%m%d%H%i') <= #{END_TIME}
					AND		DATE_FORMAT(CONVERT_LOCALTIME2(TIME, #{UNLOCODE }),'%Y%m%d%H%i') >= #{START_TIME}
				]]> 
			    group by callleg_id 
			    ) A 
			    , 
			    ( SELECT * FROM CDR_DETAIL WHERE RECORD_TYPE = 'CALLLEGSTART' 
			    <![CDATA[
					AND		DATE_FORMAT(CONVERT_LOCALTIME2(TIME, #{UNLOCODE }),'%Y%m%d%H%i') <= #{END_TIME}
					AND		DATE_FORMAT(CONVERT_LOCALTIME2(TIME, #{UNLOCODE }),'%Y%m%d%H%i') >= #{START_TIME}
				]]>  
			    ) B 
			    , ( SELECT * FROM CDR_DETAIL WHERE RECORD_TYPE = 'CALLLEGEND' 
			    <![CDATA[
					AND		DATE_FORMAT(CONVERT_LOCALTIME2(TIME, #{UNLOCODE }),'%Y%m%d%H%i') <= #{END_TIME}
					AND		DATE_FORMAT(CONVERT_LOCALTIME2(TIME, #{UNLOCODE }),'%Y%m%d%H%i') >= #{START_TIME}
				]]> 
			    ) C 
			    WHERE A.CALLLEG_ID = B.CALLLEG_ID 
			    AND A.CALLLEG_ID = C.CALLLEG_ID 
			) CD
			,
			(
			    SELECT CALL_ID
			          ,NAME
			          ,COSPACE
			          ,SERVER_NO
			    FROM CDR_MASTER
			    WHERE RECORD_TYPE = 'callStart'
			) CM
			WHERE CD.CALL_ID = CM.CALL_ID
			
			UNION ALL
			
			SELECT CALLINGPARTYNUMBER
			      ,ORIGDEVICEADDRESS
			      ,FINALCALLEDPARTYNUMBER
			      ,DESTDEVICEADDRESS
			      ,FROM_UNIXTIME(DATETIMECONNECT, '%Y-%m-%d %H:%i:%s') AS START_TIME
				  ,FROM_UNIXTIME(DATETIMEDISCONNECT, '%Y-%m-%d %H:%i:%s') AS END_TIME
			      ,DURATION
			      ,'CUCM' AS SERVER
			      ,'' AS COSPACE
			FROM CDR_BACKUP
			WHERE ORIGDEVICEADDRESS NOT IN ('10.168.121.21', '10.168.121.22')
			AND DESTDEVICEADDRESS NOT IN ('10.168.121.21', '10.168.121.22')
			<![CDATA[
				AND FROM_UNIXTIME(DATETIMECONNECT, '%Y%m%d%H%i') >= #{START_TIME}
				AND FROM_UNIXTIME(DATETIMEDISCONNECT, '%Y%m%d%H%i') <= #{END_TIME}
			]]> 
			ORDER BY START_TIME DESC
			) A left outer join SCHEDULE S on A.COSPACE = S.COSPACE_ID
		) B
		<if test="S_SEARCH_VAL != null and S_SEARCH_VAL !='' ">
	   		<if test="S_SEARCH_GB == 'RES_NUM'">
	            WHERE S.URI LIKE #{S_SEARCH_VAL}
	   		</if>
	   		<if test="S_SEARCH_GB == 'NUM'">
	            WHERE (
		    		OUTGOING_NAME LIKE #{S_SEARCH_VAL}
		    		OR 
		    		INCOMING_NAME LIKE #{S_SEARCH_VAL}
		    		)
	   		</if>
	   		<if test="S_SEARCH_GB == 'IP'">
	            WHERE (
		    		OUTGOING_IP LIKE #{S_SEARCH_VAL}
		    		OR 
		    		INCOMING_IP LIKE #{S_SEARCH_VAL}
		    		)
	   		</if>
	   		<if test="S_SEARCH_GB == 'TITLE'">
	            WHERE LOWER(TITLE) LIKE LOWER( #{S_SEARCH_VAL } )
	   		</if>
	   		<if test="S_SEARCH_GB == 'NAME'">
	            WHERE LOWER(MEMBER_NM) LIKE LOWER( #{S_SEARCH_VAL } )
	   		</if>
	   		<if test="S_SEARCH_GB == 'DEPT'">
	            WHERE LOWER(DEPT_NM) LIKE LOWER( #{S_SEARCH_VAL } )
	   		</if>
	   </if>  
	) AS INTERGRATED_CDR_DATA_CNT
	</select>
	
	
	
	<select id="SELECT_INTEGRATED_CDR_DATA" parameterType="itsMap" resultType="itsMap">
	SELECT * 
		FROM (	
		select S.TITLE
			 , DATE_FORMAT(CONVERT_LOCALTIME2(S.START_TIME, 'Asia/Seoul'),'%Y-%m-%d %H:%i:%S') AS START_TIME_RES 
		     , DATE_FORMAT(CONVERT_LOCALTIME2(S.END_TIME, 'Asia/Seoul'),'%Y-%m-%d %H:%i:%S') AS END_TIME_RES
		     , (SELECT  M.MEMBER_NM FROM  MEMBER M WHERE  M.MEMBER_ID = S.INPUT_ID AND M.AUTH_CD != 'CD0101') AS MEMBER_NM
	         , (SELECT  M.DEPT_NM FROM  MEMBER M WHERE  M.MEMBER_ID = S.INPUT_ID AND M.AUTH_CD != 'CD0101') AS DEPT_NM   
		     , S.URI
		     , S.RECORDING_YN
			 , A.*
		from
		
		(
			
		SELECT CD.DISPLAY_NAME AS OUTGOING_NAME
		      ,CD.REMOTE_PARTY AS OUTGOING_IP
		      ,CM.NAME AS INCOMING_NAME
		      ,CASE WHEN CM.SERVER_NO = 'CORE01' THEN '10.168.121.21' ELSE '10.168.121.22' END AS INCOMING_IP
		      ,CD.START_TIME
		      ,CD.END_TIME
		      ,CD.DURATIONSECONDS
		      ,'CMS' AS SERVER
		      ,CM.COSPACE
		FROM
		(
		    SELECT A.CALL_ID 
		    , A.CALLLEG_ID 
		    , B.DISPLAY_NAME 
		    , DATE_FORMAT(CONVERT_LOCALTIME2(B.TIME, 'Asia/Seoul'),'%Y-%m-%d %H:%i:%S') AS START_TIME 
		    , DATE_FORMAT(CONVERT_LOCALTIME2(C.TIME, 'Asia/Seoul'),'%Y-%m-%d %H:%i:%S') AS END_TIME 
		    , B.LOCAL_ADDRESS , B.REMOTE_ADDRESS , B.REMOTE_PARTY , C.DURATIONSECONDS
		    , C.REASON
		    FROM ( 
		    SELECT MAX(CALL_ID) AS CALL_ID, CALLLEG_ID  FROM CDR_DETAIL WHERE RECORD_TYPE = 'CALLLEGUPDATE' 
		    <![CDATA[
				AND		DATE_FORMAT(CONVERT_LOCALTIME2(TIME, #{UNLOCODE }),'%Y%m%d%H%i') <= #{END_TIME}
				AND		DATE_FORMAT(CONVERT_LOCALTIME2(TIME, #{UNLOCODE }),'%Y%m%d%H%i') >= #{START_TIME}
			]]> 
		    group by callleg_id 
		    ) A 
		    , 
		    ( SELECT * FROM CDR_DETAIL WHERE RECORD_TYPE = 'CALLLEGSTART' 
		    <![CDATA[
				AND		DATE_FORMAT(CONVERT_LOCALTIME2(TIME, #{UNLOCODE }),'%Y%m%d%H%i') <= #{END_TIME}
				AND		DATE_FORMAT(CONVERT_LOCALTIME2(TIME, #{UNLOCODE }),'%Y%m%d%H%i') >= #{START_TIME}
			]]>  
		    ) B 
		    , ( SELECT * FROM CDR_DETAIL WHERE RECORD_TYPE = 'CALLLEGEND' 
		    <![CDATA[
				AND		DATE_FORMAT(CONVERT_LOCALTIME2(TIME, #{UNLOCODE }),'%Y%m%d%H%i') <= #{END_TIME}
				AND		DATE_FORMAT(CONVERT_LOCALTIME2(TIME, #{UNLOCODE }),'%Y%m%d%H%i') >= #{START_TIME}
			]]> 
		    ) C 
		    WHERE A.CALLLEG_ID = B.CALLLEG_ID 
		    AND A.CALLLEG_ID = C.CALLLEG_ID 
		) CD
		,
		(
		    SELECT CALL_ID
		          ,NAME
		          ,COSPACE
		          ,SERVER_NO
		    FROM CDR_MASTER
		    WHERE RECORD_TYPE = 'callStart'
		) CM
		WHERE CD.CALL_ID = CM.CALL_ID
		
		UNION ALL
		
		SELECT CALLINGPARTYNUMBER
		      ,ORIGDEVICEADDRESS
		      ,FINALCALLEDPARTYNUMBER
		      ,DESTDEVICEADDRESS
		      ,FROM_UNIXTIME(DATETIMECONNECT, '%Y-%m-%d %H:%i:%s') AS START_TIME
			  ,FROM_UNIXTIME(DATETIMEDISCONNECT, '%Y-%m-%d %H:%i:%s') AS END_TIME
		      ,DURATION
		      ,'CUCM' AS SERVER
		      ,'' AS COSPACE
		FROM CDR_BACKUP
		WHERE ORIGDEVICEADDRESS NOT IN ('10.168.121.21', '10.168.121.22')
		AND DESTDEVICEADDRESS NOT IN ('10.168.121.21', '10.168.121.22')
		<![CDATA[
			AND FROM_UNIXTIME(DATETIMECONNECT, '%Y%m%d%H%i') >= #{START_TIME}
			AND FROM_UNIXTIME(DATETIMEDISCONNECT, '%Y%m%d%H%i') <= #{END_TIME}
		]]> 
		) A left outer join SCHEDULE S on A.COSPACE = S.COSPACE_ID
	) B
	<if test="S_SEARCH_VAL != null and S_SEARCH_VAL !='' ">
   		<if test="S_SEARCH_GB == 'RES_NUM'">
            WHERE S.URI LIKE #{S_SEARCH_VAL}
   		</if>
   		<if test="S_SEARCH_GB == 'NUM'">
            WHERE (
	    		OUTGOING_NAME LIKE #{S_SEARCH_VAL}
	    		OR 
	    		INCOMING_NAME LIKE #{S_SEARCH_VAL}
	    		)
   		</if>
   		<if test="S_SEARCH_GB == 'IP'">
            WHERE (
	    		OUTGOING_IP LIKE #{S_SEARCH_VAL}
	    		OR 
	    		INCOMING_IP LIKE #{S_SEARCH_VAL}
	    		)
   		</if>
   		<if test="S_SEARCH_GB == 'TITLE'">
            WHERE LOWER(TITLE) LIKE LOWER( #{S_SEARCH_VAL } )
   		</if>
   		<if test="S_SEARCH_GB == 'NAME'">
            WHERE LOWER(MEMBER_NM) LIKE LOWER( #{S_SEARCH_VAL } )
   		</if>
   		<if test="S_SEARCH_GB == 'DEPT'">
            WHERE LOWER(DEPT_NM) LIKE LOWER( #{S_SEARCH_VAL } )
   		</if>
   </if>  
	
	ORDER BY START_TIME_RES DESC 
	<if test="NPAGE != null">
	   LIMIT #{NPAGE}, #{FETCH}
	</if>	
	</select>
	
	
   	<select id="COMP_CD_SEARCH" parameterType="itsMap" resultType="itsMap">
   		SELECT DISTINCT COMP_CD 
   		FROM MEMBER
   	</select>
   	
   	<select id="SELECT_LOGIN_LOG_CNT" parameterType="itsMap" resultType="itsMap">
   		SELECT COUNT(A.MEMBER_ID) AS TOTAL_CNT
   		FROM (
		   		SELECT MEMBER_ID
		   			 , MEMBER_NM
		   			 , LOGIN_TIME
		   			 , LOGIN_IP
		   		FROM LOGIN_LOG
		   		<![CDATA[
						WHERE		DATE_FORMAT(LOGIN_TIME,'%Y%m%d%H%i') <= #{END_TIME}
						AND		DATE_FORMAT(LOGIN_TIME,'%Y%m%d%H%i') >= #{START_TIME}
				]]>
	   			<if test="S_SEARCH_VAL != null and S_SEARCH_VAL !='' ">
			   		<if test="S_SEARCH_GB == 'ID'">
			            AND MEMBER_ID LIKE #{S_SEARCH_VAL}
			   		</if>
			   		<if test="S_SEARCH_GB == 'NAME'">
			            AND MEMBER_NM LIKE #{S_SEARCH_VAL}
			   		</if>
			    </if> 
			) A
   	</select>
   	
   	<select id="SELECT_LOGIN_LOG" parameterType="itsMap" resultType="itsMap">
   		SELECT MEMBER_ID
   			 , MEMBER_NM
   			 , DATE_FORMAT(LOGIN_TIME,'%Y-%m-%d %H:%i') AS LOGIN_TIME
   			 , LOGIN_IP
   			 , SUBSTRING_INDEX(member_nm, '/', 1) AS MEMBER_NAME
   			 , SUBSTRING_INDEX(SUBSTRING_INDEX(member_nm, '/', 2),'/',-1) AS DEPT
   		FROM LOGIN_LOG
   		<![CDATA[
			WHERE DATE_FORMAT(LOGIN_TIME,'%Y%m%d%H%i') <= #{END_TIME}
			AND	DATE_FORMAT(LOGIN_TIME,'%Y%m%d%H%i') >= #{START_TIME}
		]]>
		<if test="S_SEARCH_VAL != null and S_SEARCH_VAL !='' ">
	   		<if test="S_SEARCH_GB == 'ID'">
	            AND MEMBER_ID LIKE #{S_SEARCH_VAL}
	   		</if>
	   		<if test="S_SEARCH_GB == 'NAME'">
	            AND MEMBER_NM LIKE #{S_SEARCH_VAL}
	   		</if>
	    </if> 
	   ORDER BY LOGIN_TIME DESC
	   <if test="NPAGE != null">
		   LIMIT #{NPAGE}, #{FETCH}
		</if>
   	</select>
   	
   	<select id="SELECT_RECORD_DOWNLOAD_LOG_CNT" parameterType="itsMap" resultType="itsMap">
   	SELECT COUNT(A.MEMBER_ID) AS TOTAL_CNT
   		FROM (
   		SELECT MEMBER_ID
   			, MEMBER_NM
   			 , CONF_NM
   			 , RLOG.RECORD_ID
   			 , RLOG.COSPACE
   			 , DATE_FORMAT(CONVERT_LOCALTIME2(RE.TIME, #{UNLOCODE}),'%Y-%m-%d %H:%i') as START_TIME
   			 , (select DATE_FORMAT(CONVERT_LOCALTIME2(TIME,  #{UNLOCODE}),'%Y-%m-%d %H:%i') from CDR_RECORD where RECORD_TYPE = 'recordingEnd' and RECORD_ID = RE.RECORD_ID ) as END_TIME
   			 , RLOG.PATH
   			 , DATE_FORMAT(DOWN_TIME,'%Y-%m-%d %H:%i') AS DOWN_TIME
   			 , DOWN_IP
   		FROM RECORDFILE_DOWNLOAD_LOG RLOG, CDR_RECORD RE
   		WHERE RLOG.RECORD_ID = RE.RECORD_ID 
   		AND RE.RECORD_TYPE = 'recordingStart'
   		<![CDATA[
				AND		DATE_FORMAT(DOWN_TIME,'%Y%m%d%H%i') <= #{END_TIME}
				AND		DATE_FORMAT(DOWN_TIME,'%Y%m%d%H%i') >= #{START_TIME}
		]]>
	   <if test="S_SEARCH_VAL != null and S_SEARCH_VAL !='' ">
	   		<if test="S_SEARCH_GB == 'ID'">
	            AND MEMBER_ID LIKE #{S_SEARCH_VAL}
	   		</if>
	   		<if test="S_SEARCH_GB == 'NAME'">
	            AND MEMBER_NM LIKE #{S_SEARCH_VAL}
	   		</if>
	    </if> 
   		) A
   	</select>
   	
   	<select id="SELECT_RECORD_DOWNLOAD_LOG" parameterType="itsMap" resultType="itsMap">
   		SELECT MEMBER_ID
   			, MEMBER_NM
   			 , CONF_NM
   			 , RLOG.RECORD_ID
   			 , RLOG.COSPACE
			 , DATE_FORMAT(CONVERT_LOCALTIME2(RE.TIME, #{UNLOCODE}),'%Y-%m-%d %H:%i') as START_TIME
   			 , (select DATE_FORMAT(CONVERT_LOCALTIME2(TIME,  #{UNLOCODE}),'%Y-%m-%d %H:%i') from CDR_RECORD where RECORD_TYPE = 'recordingEnd' and RECORD_ID = RE.RECORD_ID ) as END_TIME
   			 , RLOG.PATH
   			 , DATE_FORMAT(DOWN_TIME,'%Y-%m-%d %H:%i') AS DOWN_TIME
   			 , DOWN_IP
   		FROM RECORDFILE_DOWNLOAD_LOG RLOG, CDR_RECORD RE
   		WHERE RLOG.RECORD_ID = RE.RECORD_ID 
   		AND RE.RECORD_TYPE = 'recordingStart'
   		<![CDATA[
				AND		DATE_FORMAT(DOWN_TIME,'%Y%m%d%H%i') <= #{END_TIME}
				AND		DATE_FORMAT(DOWN_TIME,'%Y%m%d%H%i') >= #{START_TIME}
		]]>
	   <if test="S_SEARCH_VAL != null and S_SEARCH_VAL !='' ">
	   		<if test="S_SEARCH_GB == 'ID'">
	            AND MEMBER_ID LIKE #{S_SEARCH_VAL}
	   		</if>
	   		<if test="S_SEARCH_GB == 'NAME'">
	            AND MEMBER_NM LIKE #{S_SEARCH_VAL}
	   		</if>
	    </if> 
	   ORDER BY DOWN_TIME DESC
	   <if test="NPAGE != null">
		   LIMIT #{NPAGE}, #{FETCH}
		</if>		
   	</select>
   	
   	
   	<select id="SELECT_RECORD_REMOVE_LOG_CNT" parameterType="itsMap" resultType="itsMap">
   	SELECT COUNT(A.MEMBER_ID) AS TOTAL_CNT
   		FROM (
   		SELECT MEMBER_ID
   			, MEMBER_NM
   			 , CONF_NM
   			 , RLOG.RECORD_ID
   			 , RLOG.COSPACE
   			 , DATE_FORMAT(CONVERT_LOCALTIME2(RE.TIME, #{UNLOCODE}),'%Y-%m-%d %H:%i') as START_TIME
   			 , (select DATE_FORMAT(CONVERT_LOCALTIME2(TIME,  #{UNLOCODE}),'%Y-%m-%d %H:%i') from CDR_RECORD where RECORD_TYPE = 'recordingEnd' and RECORD_ID = RE.RECORD_ID ) as END_TIME
   			 , RLOG.PATH
   			 , DATE_FORMAT(REMOVE_TIME,'%Y-%m-%d %H:%i') AS REMOVE_TIME
   			 , REMOVE_IP
   		FROM RECORDFILE_REMOVE_LOG RLOG, CDR_RECORD RE
   		WHERE RLOG.RECORD_ID = RE.RECORD_ID 
   		AND RE.RECORD_TYPE = 'recordingStart'
   		<![CDATA[
				AND		DATE_FORMAT(REMOVE_TIME,'%Y%m%d%H%i') <= #{END_TIME}
				AND		DATE_FORMAT(REMOVE_TIME,'%Y%m%d%H%i') >= #{START_TIME}
		]]>
	   <if test="S_SEARCH_VAL != null and S_SEARCH_VAL !='' ">
	   		<if test="S_SEARCH_GB == 'ID'">
	            AND MEMBER_ID LIKE #{S_SEARCH_VAL}
	   		</if>
	   		<if test="S_SEARCH_GB == 'NAME'">
	            AND MEMBER_NM LIKE #{S_SEARCH_VAL}
	   		</if>
	    </if> 
   		) A
   	</select>
   	
   	<select id="SELECT_RECORD_REMOVE_LOG" parameterType="itsMap" resultType="itsMap">
   		SELECT MEMBER_ID
   			, MEMBER_NM
   			 , CONF_NM
   			 , RLOG.RECORD_ID
   			 , RLOG.COSPACE
			 , DATE_FORMAT(CONVERT_LOCALTIME2(RE.TIME, #{UNLOCODE}),'%Y-%m-%d %H:%i') as START_TIME
   			 , (select DATE_FORMAT(CONVERT_LOCALTIME2(TIME,  #{UNLOCODE}),'%Y-%m-%d %H:%i') from CDR_RECORD where RECORD_TYPE = 'recordingEnd' and RECORD_ID = RE.RECORD_ID ) as END_TIME
   			 , RLOG.PATH
   			 , DATE_FORMAT(REMOVE_TIME,'%Y-%m-%d %H:%i') AS REMOVE_TIME
   			 , REMOVE_IP
   		FROM RECORDFILE_REMOVE_LOG RLOG, CDR_RECORD RE
   		WHERE RLOG.RECORD_ID = RE.RECORD_ID 
   		AND RE.RECORD_TYPE = 'recordingStart'
   		<![CDATA[
				AND		DATE_FORMAT(REMOVE_TIME,'%Y%m%d%H%i') <= #{END_TIME}
				AND		DATE_FORMAT(REMOVE_TIME,'%Y%m%d%H%i') >= #{START_TIME}
		]]>
	   <if test="S_SEARCH_VAL != null and S_SEARCH_VAL !='' ">
	   		<if test="S_SEARCH_GB == 'ID'">
	            AND MEMBER_ID LIKE #{S_SEARCH_VAL}
	   		</if>
	   		<if test="S_SEARCH_GB == 'NAME'">
	            AND MEMBER_NM LIKE #{S_SEARCH_VAL}
	   		</if>
	    </if> 
	   ORDER BY REMOVE_TIME DESC
	   <if test="NPAGE != null">
		   LIMIT #{NPAGE}, #{FETCH}
		</if>		
   	</select>
</mapper>