<?xml version="1.0" encoding="UTF-8"?>
<!DOCTYPE mapper PUBLIC "-//mybatis.org//DTD Mapper 3.0//EN" "http://mybatis.org/dtd/mybatis-3-mapper.dtd">
<mapper namespace="systemXml">
    <!-- SELECT 절 -->
    <select id="systemInfo" parameterType="itsMap" resultType="itsMap">
        SELECT M.MEMBER_NM AS USER_NM,  M.EMAIL, M.MEMBER_ID, M.MEMBER_PW
		     , (SELECT CONTINENT FROM TIME_ZONES WHERE UNLOCODE = M.UNLOCODE) AS CONTINENT
			 , (SELECT CITY FROM TIME_ZONES WHERE UNLOCODE = M.UNLOCODE) AS CITY
			 , (SELECT MESSAGE FROM SP_INFO LIMIT 0, 1) AS MESSAGE
			 , (SELECT SP_LINK FROM SP_INFO LIMIT 0, 1) AS SP_LINK
          FROM MEMBER M
         WHERE M.MEMBER_ID = #{MEMBER_ID}
    </select>
    
	<select id="SELECT_ENVIRONMENTTYPE_LIST" parameterType="itsMap" resultType="itsMap">
	
		SELECT  EN.ID AS NAMBERID
		      , EN.SYSTEM_TYPE
		      , (      
		          SELECT  CODE_NM
		            FROM  SYS_CODE SC
		           WHERE  SC.GROUP_CD = 'CD06'           
		             AND  SC.CODE_CD = EN.SYSTEM_TYPE   
		        ) AS SYSTEM_TYPE_NM 
		      , EN.DISPLAY_NM
		      , EN.SYSTEM_IP
		      , EN.SYSTEM_ID AS ADMIN_ID
		      , EN.SYSTEM_PW AS ADMIN_PW
		      , USE_YN
		      , MAIN_YN
			  , ID
		      , CAPACITY
		  FROM  ENVIRONMENT EN
		 WHERE 1=1
		   <if test="CtmAndTmsListYn.equals('Y')" >
		   AND SYSTEM_TYPE IN ('CD0602','CD0601')
		   </if>
		   <if test="CtmAndTmsListYn.equals('N')" >
		   AND SYSTEM_TYPE NOT IN ('CD0602','CD0601')
		   </if>
		  	
	</select>
	
	<select id="SELECT_COUNT_TMS" parameterType="itsMap" resultType="itsMap">
		SELECT  COUNT(SYSTEM_TYPE) AS TMSCNT
		  FROM  ENVIRONMENT EN 
		 WHERE  SYSTEM_TYPE ='CD0601'
	</select>
    
    <select id="systemLicense" parameterType="itsMap" resultType="itsMap">
    
		SELECT CAST(@RNUM:=@RNUM + 1 AS CHAR) AS ROWNUM
		     , A.LICENSE_CODE
			 , A.CNT
			 , A.TYPE_CD
			 , A.TYPE
			 , A.INPUT_DT
		 FROM (
			   SELECT @RNUM:=0
				    , LICENSE_CODE
				    , CNT
				    , TYPE AS TYPE_CD
				    , (SELECT VIEW_NM FROM SYS_CODE WHERE GROUP_CD = 'CD' AND CODE_CD = TYPE) AS TYPE	
				    , DATE_FORMAT(INPUT_DT, '%Y-%m-%d') AS INPUT_DT 
			     FROM LICENSE
			    ORDER BY INPUT_DT DESC
			  ) A
			  
    </select>
    
    
    <select id="LICENSE_CHECK" parameterType="itsMap" resultType="itsMap">
    	SELECT COUNT(CODE) AS CODE_CNT
		  FROM EMETA
		 WHERE CODE = #{ORI_LICENSE}
    </select>
    
    <select id="LICENSE_DUPLICATE_CHECK" parameterType="itsMap" resultType="itsMap">
    	 
    	SELECT COUNT(LICENSE_CODE) AS LICENSE_CNT
		  FROM LICENSE
		 WHERE LICENSE_CODE = #{NEW_LICENSE}
		
    </select>

	<select id="NOTICE_SELECT" parameterType="itsMap" resultType="itsMap">
		SELECT    N1.SEQ
				, N1.TITLE
				, N1.CONTENT
				, DATE_FORMAT(IFNULL(N1.UPDT_DT, N1.INPUT_DT), '%Y-%m-%d') AS DATE
				, (SELECT SEQ FROM NOTICE WHERE SEQ = N1.SEQ - 1)    AS PREV_SEQ
				, (SELECT TITLE FROM NOTICE WHERE SEQ = N1.SEQ - 1)  AS PREV_TITLE
				, (SELECT SEQ FROM NOTICE WHERE SEQ = N1.SEQ + 1)    AS NEXT_SEQ
				, (SELECT TITLE FROM NOTICE WHERE SEQ = N1.SEQ + 1)  AS NEXT_TITLE
		  FROM  NOTICE N1
		  ORDER BY N1.SEQ
		  <if test="NPAGE != ''" >
		   LIMIT #{NPAGE}, #{FETCH}
		  </if>
			
	</select>
	
	
	<select id="NOTICE_SELECT_TOT" parameterType="itsMap" resultType="itsMap">
		SELECT    COUNT(N1.SEQ) AS CNT
		  FROM  NOTICE N1
			
	</select>
	
	<select id="NOTICE_DETAIL_SELECT" parameterType="itsMap" resultType="itsMap">
		SELECT    N1.SEQ
				, N1.TITLE
				, N1.CONTENT
				, DATE_FORMAT(IFNULL(N1.UPDT_DT, N1.INPUT_DT), '%Y-%m-%d') AS DATE
				, (SELECT SEQ FROM NOTICE WHERE SEQ = N1.SEQ - 1)    AS PREV_SEQ
				, (SELECT TITLE FROM NOTICE WHERE SEQ = N1.SEQ - 1)  AS PREV_TITLE
				, (SELECT SEQ FROM NOTICE WHERE SEQ = N1.SEQ + 1)    AS NEXT_SEQ
				, (SELECT TITLE FROM NOTICE WHERE SEQ = N1.SEQ + 1)  AS NEXT_TITLE
		  FROM  NOTICE N1
		 WHERE  1=1
		   AND  N1.SEQ = #{S_SEQ}
			
	</select>

    <select id="NOTICE_MAX_SELECT" parameterType="itsMap" resultType="itsMap">
       SELECT 	IFNULL(MAX(SEQ),'0') + 1 AS SEQ
       FROM 	NOTICE
    </select>
    
    
    <select id="SELECT_WEBEX" parameterType="itsMap" resultType="itsMap">
		SELECT W.SEQ
		     , W.WEBEX_ID
		     , W.WEBEX_PW
		FROM WEBEX W
		<if test="KEY_WORD1 != null and KEY_WORD1 != '' ">
			WHERE W.WEBEX_ID LIKE #{KEY_WORD1 }
		</if>
<!-- 		ORDER  BY (CASE  -->
<!--    		  			WHEN ASCII(SUBSTRING(MEMBER_NM,1)) BETWEEN 48 AND 57 THEN 3 -->
<!--    		  			WHEN ASCII(SUBSTRING(MEMBER_NM,1)) &lt; 128 THEN 2 ELSE 1 END), MEMBER_NM -->
		<if test="NPAGE != null">
			LIMIT #{NPAGE }, #{FETCH }
		</if>
		
	</select>
	
	<select id="SELECT_WEBEX_CNT" parameterType="itsMap" resultType="itsMap">
		
   		SELECT COUNT(*) WEBEX_CNT
		  FROM WEBEX W
		<if test="KEY_WORD1 != null and KEY_WORD1 != '' ">
			WHERE W.WEBEX_ID LIKE #{KEY_WORD1 }
		</if>


	</select>
	

    <!-- INSERT 절 -->
	<insert id="INSERT_ENVIRONMENT" parameterType="itsMap">
	
		INSERT INTO ENVIRONMENT (
		    ID
		  , DISPLAY_NM
		  , SYSTEM_IP
		  , SYSTEM_ID
		  , SYSTEM_PW
		  , SYSTEM_TYPE
          , CAPACITY   
		  , SIGNALING_IP
		  , USE_YN
		  , INPUT_ID
		  , INPUT_DT
		  , INPUT_IP
		  , UPDT_ID
		  , UPDT_DT
		  , UPDT_IP
		) 
		VALUES (
		   #{ID}
		 , #{DISPLAY_NM}
		 , #{SYSTEM_IP}
		 , #{SYSTEM_ID}
		 , #{SYSTEM_PW}
		 , #{SYSTEM_TYPE}
         , #{CAPACITY}
		 , #{SIGNALING_IP}
		 , 'Y'
		 , #{INPUT_ID}
		 , SYSDATE()
		 , #{INPUT_IP}
		 , #{UPDT_ID}
		 , SYSDATE()
		 , #{UPDT_IP} 
		)
		
	</insert>
	
    <insert id="LICENSE_INSERT" parameterType="itsMap">
    	INSERT INTO LICENSE (LICENSE_CODE
    						 , CNT
    						 , TYPE
    						 , INPUT_DT
    						 , INPUT_IP
    						 )
    	VALUES (UPPER(#{LICENSE_CODE}), #{CNT},#{TYPE}, SYSDATE(), #{INPUT_IP})
    </insert>
    
	<insert id="INSERT_NOTICE" parameterType="itsMap">
	
		INSERT INTO NOTICE( SEQ
						,	TITLE
						,	CONTENT
						,	INPUT_DT
						,	INPUT_ID
						,	INPUT_IP	
					)
					VALUES( #{SEQ}
						,	#{TITLE}
						,	#{CONTENT}
						,	SYSDATE()
						,	#{INPUT_ID}
						,	#{INPUT_IP}
					)	   
	</insert>
	
    <insert id="INSERT_WEBEX" parameterType="itsMap">
    
          INSERT INTO WEBEX(WEBEX_ID
                          , WEBEX_PW
                          )
           VALUES(#{WEBEX_ID }
                , #{WEBEX_PW }
                )
                
	</insert>
    
    <!-- UPDATE 절 -->
    <update id="member_update" parameterType="itsMap">
		UPDATE MEMBER
		   SET MEMBER_NM = #{USER_NM}
			 , MEMBER_PW = #{MEMBER_PW}
			 , UNLOCODE  = #{UNLOCODE}
			 , UPDT_ID   = #{UPDT_ID}
			 , UPDT_DT   = SYSDATE()
			 , UPDT_IP   = #{UPDT_IP}
		 WHERE MEMBER_ID = #{MEMBER_ID}	
    </update>
    
    <update id="sp_info_update" parameterType="itsMap">
		UPDATE SP_INFO
		   SET MESSAGE   = #{MESSAGE}
			 , SP_LINK   = #{SP_LINK}
			 , UPDT_ID   = #{UPDT_ID}
			 , UPDT_DT   = SYSDATE()
			 , UPDT_IP   = #{UPDT_IP}
    </update>
    
	<update id="UPDATE_ENVIRONMENT" parameterType="itsMap">
	
		UPDATE ENVIRONMENT
		   SET SYSTEM_IP    = #{SYSTEM_IP} 
		   	 , DISPLAY_NM   = 'CMS'
			 , SYSTEM_ID    = #{SYSTEM_ID}
			 , SYSTEM_PW    = #{SYSTEM_PW}
			 , SYSTEM_TYPE  = 'CD0601'
			 , USE_YN	    = 'Y'
			 , MAIN_YN	    = #{MAIN_YN}
<!-- 			 , CAPACITY     = #{CAPACITY} -->
<!-- 			 , SIGNALING_IP = #{SIGNALING_IP} -->
			 , UPDT_ID      = #{UPDT_ID}
			 , UPDT_DT      = SYSDATE()
			 , UPDT_IP      = #{UPDT_IP}
		 WHERE ID = #{NAMBERID}
		
	</update>
	
	<update id="UPDATE_NOTICE" parameterType="itsMap">
	
		UPDATE NOTICE
		SET 	TITLE = #{TITLE}
			, CONTENT = #{CONTENT}
			, UPDT_DT = SYSDATE()
			, UPDT_ID = #{UPDT_ID}
			, UPDT_IP = #{PDT_IP}
		WHERE SEQ = #{SEQ}
		
	</update>
    
    <update id="UPDATE_WEBEX" parameterType="itsMap">
    
		UPDATE WEBEX
		SET    WEBEX_ID = #{WEBEX_ID}
			 , WEBEX_PW = #{WEBEX_PW}
		WHERE SEQ = #{SEQ}
		
	</update>
    
    <!-- DELETE 절 -->
	<delete id="DELETE_NOTICE" parameterType="itsMap">
	
		DELETE FROM NOTICE
		WHERE SEQ = #{SEQ}

	</delete>
    
    <delete id="DELETE_WEBEX" parameterType="itsMap">
	
		DELETE FROM WEBEX
		WHERE SEQ = #{SEQ}

	</delete>
	
	<select id="SELECT_EMAIL" parameterType="itsMap" resultType="itsMap">
		SELECT HOST_NM
		      ,USER_ID
		      ,USER_PW
		      ,PORTS
		      ,STARTTLS
		      ,AUTHEN
		      ,ICAL_YN
		FROM E_MAIL
	</select>
	
	<update id="UPDATE_EMAIL" parameterType="itsMap">
		UPDATE E_MAIL
		   SET HOST_NM = #{HOST_NM}
			  ,USER_ID = #{USER_ID}
			  ,USER_PW = #{USER_PW}
			  ,PORTS = #{PORTS}
			  ,STARTTLS = #{STARTTLS}
			  ,AUTHEN = #{AUTHEN}
			  ,ICAL_YN = #{ICAL_YN}
	</update>
	
	<select id="ACCESS_SELECT_CNT"  parameterType="itsMap" resultType="itsMap">
		  SELECT COUNT(MEMBER_NM) AS USER_CNT
		FROM ACCESSFILTER
		<if test="KEY_WORD != ''">
			<if test="SEARCH_GB=='name'">
				WHERE MEMBER_NM LIKE '%${KEY_WORD}%'
			</if>
			<if test="SEARCH_GB=='ip'">
				WHERE ACCESS_IP LIKE  '%${KEY_WORD}%'
			</if>
		</if>	
	</select> 
	
	<select id="ACCESS_SELECT" parameterType="itsMap" resultType="itsMap">
		SELECT MEMBER_NM
			  ,ACCESS_IP
			  ,SEQ
		FROM ACCESSFILTER
		<if test="KEY_WORD != ''">
			<if test="SEARCH_GB=='name'">
				WHERE MEMBER_NM LIKE '%${KEY_WORD}%'
			</if>
			<if test="SEARCH_GB=='ip'">
				WHERE ACCESS_IP LIKE '%${KEY_WORD}%'
			</if>
		</if>	
		ORDER  BY MEMBER_NM 
		<if test="NPAGE != NULL">
			LIMIT #{NPAGE}, #{FETCH}
		</if>
	</select>
	
	<select id="ACCESS_IP_CHECK" parameterType="itsMap" resultType="itsMap">
		SELECT COUNT(*) AS CNT
		FROM ACCESSFILTER
		WHERE ACCESS_IP = #{ACCESS_IP}
	</select>
	
	<insert id="POPUP_ACCESS_IP_INSERT" parameterType="itsMap">
            INSERT INTO ACCESSFILTER(
            				 ACCESS_IP
<!--             				,MEMBER_ID -->
            				,MEMBER_NM
            				,INPT_ID
            				,INPT_IP
            				,INPT_DT
            			)VALUES(
            				 #{ACCESS_IP}
<!--             				,#{MEMBER_ID} -->
            				,#{MEMBER_NM}
            				,#{INPT_ID}
            				,#{INPT_IP}
            				,NOW()
            			)
    </insert>
					
	<update id="POPUP_ACCESS_IP_UPDATE" parameterType="itsMap">
            UPDATE ACCESSFILTER
                         SET   ACCESS_IP = #{ACCESS_IP},
<!--                             MEMBER_ID = #{MEMBER_ID}, -->
                            MEMBER_NM = #{MEMBER_NM},
                            UPDT_ID = #{UPDT_ID},
                            UPDT_IP = #{UPDT_IP},
                            UPDT_DT = NOW()
            WHERE SEQ = #{SEQ}
    </update>
    
    <delete id="POPUP_ACCESS_IP_DELETE" parameterType="itsMap">
    	DELETE FROM ACCESSFILTER
    	WHERE SEQ = #{SEQ}
    </delete>
    
    
    <select id="SELECT_EMAIL_ID" parameterType="itsMap" resultType="itsMap">
	   	SELECT CONCAT(DATE_FORMAT(NOW(), '%Y%m%d'), get_seq2('email')) AS NEW_ID
   	</select>
    
    <select id="SELECT_EMAILTEMPLATES_LIST" parameterType="itsMap" resultType="itsMap">
    	SELECT ID
    		 , EMAIL_TITLE
			 , EMAIL_CONTENTS
			 , DEFAULT_YN
			 , SECURITY_YN
    	FROM EMAIL_TEMPLATES
    	<if test="S_SEARCH_VAL != null and S_SEARCH_VAL !='' ">
			<if test="S_SEARCH_GB == 'TITLE'">
				WHERE EMAIL_TITLE LIKE '%${S_SEARCH_VAL}%'
			</if>
		</if>
		<if test="NPAGE != null">
			LIMIT #{NPAGE}, #{FETCH}
		</if>
    </select>
    
    <select id="SELECT_EMAILTEMPLATES_LIST_CNT" parameterType="itsMap" resultType="itsMap">
    	SELECT COUNT(ID) AS TOTAL_CNT
    	FROM EMAIL_TEMPLATES
		<if test="S_SEARCH_VAL != null and S_SEARCH_VAL !='' ">
			<if test="S_SEARCH_GB == 'TITLE'">
				WHERE EMAIL_TITLE LIKE '%${S_SEARCH_VAL}%'
			</if>
		</if>
    </select>
	
	<select id="SELECT_EMAILTEMPLATES_DEFAULT" parameterType="itsMap" resultType="itsMap">
    	SELECT ID
    		 , EMAIL_TITLE
			 , EMAIL_CONTENTS
    	FROM EMAIL_TEMPLATES
    	WHERE DEFAULT_YN = 'Y'
    </select>
	
	<select id="SELECT_EMAILTEMPLATES_DETAIL" parameterType="itsMap" resultType="itsMap">
    	SELECT ID
    		 , EMAIL_TITLE
			 , EMAIL_CONTENTS
    	FROM EMAIL_TEMPLATES
    	WHERE ID = #{ID}
    </select>
    
    <insert id="INSERT_EMAILTEMPLATES" parameterType="itsMap">
    	INSERT INTO EMAIL_TEMPLATES (
    		  EMAIL_TITLE
    		, EMAIL_CONTENTS
    		, ID
    	)
    	VALUES(
    		  #{EMAIL_TITLE}
    		, #{EMAIL_CONTENTS}
    		, #{NEW_ID}
    	)
    </insert>
    
    <update id="UPDATE_EMAILTEMPLATES" parameterType="itsMap">
		UPDATE EMAIL_TEMPLATES
		   SET EMAIL_TITLE = #{EMAIL_TITLE}
    	     , EMAIL_CONTENTS = #{EMAIL_CONTENTS}
    	 WHERE ID = #{ID}
    </update>
    
    <delete id="DELETE_EMAILTEMPLATES" parameterType="itsMap">
    	DELETE FROM EMAIL_TEMPLATES
    	WHERE ID = #{ID}
    	AND DEFAULT_YN = 'N'
    </delete>
    
    <delete id="UPDATE_DEFAULT_EMAIL_RESET" parameterType="itsMap">
    	UPDATE EMAIL_TEMPLATES 
		SET DEFAULT_YN = 'N'
    </delete>
    
    <delete id="UPDATE_DEFAULT_EMAIL_SET" parameterType="itsMap">
    	UPDATE EMAIL_TEMPLATES 
		SET DEFAULT_YN = 'Y'	
    	WHERE ID = #{DEFAULT_EMAIL_ID}
    </delete>
    
</mapper>