<?xml version="1.0" encoding="UTF-8"?>
<!DOCTYPE mapper PUBLIC "-//mybatis.org//DTD Mapper 3.0//EN" "http://mybatis.org/dtd/mybatis-3-mapper.dtd">
<mapper namespace="userXml">
    <!-- SELECT 절 -->
	<select id="MEMBER_MAX_SELECT" parameterType="itsMap" resultType="itsMap">
	       SELECT  LPAD(IFNULL(MAX(MEMBER_ID),'0')+1,8,'0') AS MEMBER_ID
	       FROM MEMBER
	</select>
    
   	<select id="COMPANY_MEMBER_SELECT" parameterType="itsMap" resultType="itsMap">
		SELECT M.MEMBER_ID
		        , M.MEMBER_NM
		        , M.MEMBER_PW
		        , M.EMAIL
		        , M.MOBILE
		        , M.PHONE
		        , M.DEPT_CD
		        , ( SELECT	VIEW_NM
					FROM	SYS_CODE
				   WHERE	GROUP_CD = 'CD01'
				     AND	CODE_CD = M.AUTH_CD
				)AS AUTH_CD_NM
		        , M.UNLOCODE  
		        , (SELECT VIEW_NM FROM SYS_CODE WHERE CODE_CD = M.AUTH_CD) AS AUTH_NM
		        , M.ORG_KEY
<!-- 		        , (SELECT DEPT_NM -->
<!--                      FROM DEPARTMENT -->
<!--                     WHERE DEPT_CD = M.DEPT_CD -->
<!--                 )AS DEPT_NM -->
                , M.DEPT_NM
		        , 'N' AS CHK
		        , M.AUTH_CD
		        , CASE WHEN MEMBER_PW IS NULL THEN 'false' ELSE 'true' END VIEWCHKBOX
		        , M.DISPLAYNAME
		FROM MEMBER M, ORGANIZATION ORG
    	  WHERE M.ORG_KEY = ORG.ORG_KEY
    	  AND M.AUTH_CD IN ('CD0101','CD0102') 
		<if test="ORG_KEY != null and ORG_KEY !=''">
			AND M.ORG_KEY = #{ORG_KEY }
		</if>
		<if test="DEPT_CD != null and DEPT_CD !=''">
			AND M.DEPT_CD = #{DEPT_CD }
		</if>
		<if test="KEY_WORD1 != null and KEY_WORD1 != '' ">
			AND CONCAT(M.MEMBER_NM, M.EMAIL) LIKE #{KEY_WORD1 }
		</if>
		<if test="KEY_WORD2 != null and KEY_WORD2 != '' ">
			AND M.MEMBER_NM LIKE #{KEY_WORD2 }
		</if>
		<if test="KEY_WORD3 != null and KEY_WORD3 != '' ">
			AND M.EMAIL LIKE #{KEY_WORD3 }
		</if>
		
		 ORDER  BY 
		 AUTH_CD,
		 (CASE 
   		  WHEN ASCII(SUBSTRING(MEMBER_NM,1)) BETWEEN 48 AND 57 THEN 3
   		  WHEN ASCII(SUBSTRING(MEMBER_NM,1)) &lt; 128 THEN 2 ELSE 1 END), MEMBER_NM
		<if test="NPAGE != null">
			LIMIT #{NPAGE }, #{FETCH }
		</if>
		
	</select>
	
	<select id="SELECT_MEMBER_CNT" parameterType="itsMap" resultType="itsMap">
		
   		SELECT COUNT(*) USER_CNT
		  FROM MEMBER M
		     , ORGANIZATION ORG
		 WHERE M.ORG_KEY = ORG.ORG_KEY
		 AND M.AUTH_CD IN ('CD0101','CD0102')
   		<if test="ORG_KEY != null and ORG_KEY !=''">
			AND M.ORG_KEY = #{ORG_KEY }
		</if>
		<if test="DEPT_CD != null and DEPT_CD !=''">
			AND M.DEPT_CD = #{DEPT_CD }
		</if>
		<if test="KEY_WORD1 != null and KEY_WORD1 != '' ">
			AND CONCAT(M.MEMBER_NM, M.EMAIL) LIKE #{KEY_WORD1 }
		</if>
		<if test="KEY_WORD2 != null and KEY_WORD2 != '' ">
			AND M.MEMBER_NM LIKE #{KEY_WORD2 }
		</if>
		<if test="KEY_WORD3 != null and KEY_WORD3 != '' ">
			AND M.EMAIL LIKE #{KEY_WORD3 }
		</if>

	</select>
    
    <!-- INSERT 절 -->
    <insert id="MEMBER_INSERT" parameterType="itsMap">
          INSERT INTO MEMBER(MEMBER_ID
                           , MEMBER_NM
                           , MEMBER_PW
                           , EMAIL
                           , MOBILE
                           , PHONE
                           , DEPT_CD
                           , DEPT_NM
                           , DISPLAYNAME
                           , AUTH_CD
                           , ORG_KEY
                           , UNLOCODE
                           , INPUT_DT
                           , INPUT_ID
                           , INPUT_IP
                           )
           VALUES(
                  #{NEWMEMBER_ID }
                , #{MEMBER_NM }
                , #{MEMBER_PW }
                , #{EMAIL }
                , #{MOBILE }
                , #{PHONE }
                , #{DEPT_CD }
                , #{DEPT_NM }
                , #{DISPLAYNAME }
                , #{AUTH_CD }
                , #{ORG_KEY }
                , #{UNLOCODE }
                , SYSDATE()
                , #{INPUT_ID }
                , #{INPUT_IP }
                )
	</insert>
        
    <!-- UPDATE 절 -->
	<update id="POPUP_MEMBER_UPDATE" parameterType="itsMap">
        UPDATE MEMBER
           SET MEMBER_ID = #{NEWMEMBER_ID }
           	 , MOBILE    = #{MOBILE }
             , PHONE     = #{PHONE }
             , AUTH_CD   = #{AUTH_CD }
             , DEPT_CD   = #{DEPT_CD }
             , DEPT_NM   = #{DEPT_NM }
             , DISPLAYNAME   = #{DISPLAYNAME }
             , MEMBER_NM = #{MEMBER_NM }
             , MEMBER_PW = #{MEMBER_PW }
             , UNLOCODE  = #{UNLOCODE }
             , UPDT_DT   = SYSDATE()
             , UPDT_ID   = #{UPDT_ID }
             , UPDT_IP   = #{UPDT_IP }
         WHERE MEMBER_ID = #{MEMBER_ID }
	</update>
 
    <!-- DELETE 절 -->
	<delete id="MEMBER_DELETE" parameterType="itsMap">
        DELETE FROM MEMBER
        WHERE MEMBER_ID = #{MEMBER_ID }
    </delete>
    
</mapper>