<?xml version="1.0" encoding="UTF-8"?>
<!DOCTYPE mapper PUBLIC "-//mybatis.org//DTD Mapper 3.0//EN" "http://mybatis.org/dtd/mybatis-3-mapper.dtd">
<mapper namespace="reservationXml">
	<!-- SELECT 절 -->
	<!-- 2012.03.16 예약 Endpoint 가져오기  -->
 	<select id="ENDPOINT_LIST" parameterType="itsMap" resultType="itsMap">
		SELECT RE.RES_KEY
             , RE.RES_ENDPOINT_ID
             , RE.ENDPOINT_TYPE
             , (SELECT COLOR FROM ENDPOINTS WHERE ENDPOINT_KEY = RE.RES_KEY) AS COLOR
			 , S.SCHEDULE_TYPE
			 , (
			    SELECT CASE WHEN COUNT(*) > 1 THEN 'MORE' ELSE 'ONE' END
		          FROM RES_ENDPOINTS RES
		    	 WHERE RES.SCHEDULE_ID = RE.SCHEDULE_ID
      	    	   AND RES.RES_KEY = RE.RES_KEY
      	       ) AS COUNT_TYPE
			 , (SELECT E.DISPLAY_NM FROM ENDPOINTS E WHERE E.ENDPOINT_KEY = RE.RES_KEY) AS DISPLAY_NM
		  FROM RES_ENDPOINTS RE
		     , SCHEDULE S
		 WHERE RE.SCHEDULE_ID = S.SCHEDULE_ID
	       AND RE.SCHEDULE_ID = #{SCHEDULE_ID }  
 	</select>
  		
  	<select id="ATTENDED_LIST" parameterType="itsMap" resultType="itsMap">
  		<![CDATA[
	  		   SELECT  
			          S.SCHEDULE_ID         /* 일정아이디 */           
	                , P.RES_ENDPOINT_ID  
			        , P.MEMBER_ID			/* 사용자아이디 */
			        , P.MEMBER_NM			/* 사용자이름 */
	                , P.EMAIL               /* 이메일 */         
			        , (
			             SELECT SC.CODE_CD
			               FROM SYS_CODE SC               
			              WHERE SC.GROUP_CD = 'CD05'
			                AND SC.CODE_CD = P.TRACKING_CD
			          ) AS TRACKING_CD		/* 확인여부 */     
			    FROM  SCHEDULE S, PARTICIPANT P
			   WHERE  S.SCHEDULE_ID = P.SCHEDULE_ID
			   	 AND  S.USE_YN = 'Y'     
	             AND  S.SCHEDULE_ID = #{SCHEDULE_ID}
  		]]>
  		</select>
  		
	<!-- COMPANY 체크후 검색 -->
	<select id="SELECT_SCHEDULE_CNT" parameterType="itsMap" resultType="itsMap">
		SELECT COUNT(S.SCHEDULE_ID) AS SCHEDULE_CNT
		  FROM (
		  	SELECT 
			M.SCHEDULE_ID
			,	M.SCHEDULE_TYPE
	        ,   M.TITLE
			,	M.MEMBER_NM
				FROM(
					 SELECT	S.SCHEDULE_ID 
					       ,S.SCHEDULE_TYPE
					       ,S.TITLE
				           ,(SELECT  M.MEMBER_NM
				               FROM  MEMBER M
				              WHERE  M.MEMBER_ID = S.INPUT_ID
				            ) AS MEMBER_NM
					  FROM	SCHEDULE S
					 WHERE	S.USE_YN = 'Y'
				   <if test="END_TIME != null and END_TIME !=''">
				  	 	AND #{END_TIME } >= DATE_FORMAT(CONVERT_LOCALTIME2(S.END_TIME, #{UNLOCODE }),'%Y%m%d') 
				   </if>
				   <if test="START_TIME != null and START_TIME !='' ">
			  	  		AND DATE_FORMAT(CONVERT_LOCALTIME2(S.START_TIME, #{UNLOCODE }),'%Y%m%d')>= #{START_TIME }  
				   </if>
				   ) M
				   <if test="KEY_WORD != null and KEY_WORD !='' ">
			            AND LOWER(M.MEMBER_NM) LIKE LOWER( #{KEY_WORD } )
				   </if>
			     GROUP BY SCHEDULE_ID
	      	  ) S
	</select>
	
	<select id="COMPANY_SELECT_ENDPOINT_DETAIL_SEARCH" parameterType="itsMap" resultType="itsMap">
		SELECT RE.RES_ENDPOINT_ID,
			   RE.SCHEDULE_ID,
			   RE.RES_KEY,
			   (SELECT CASE WHEN COUNT(*) > 1 THEN 'MORE' ELSE 'ONE' END
			    FROM RES_ENDPOINTS RES
			    WHERE RES.SCHEDULE_ID = RE.SCHEDULE_ID
	      	    AND RES.RES_KEY = RE.RES_KEY) AS COUNT_TYPE,
			   IFNULL(E.DISPLAY_NM,'') AS RES_NM,
			   E.COLOR,
			   RE.ENDPOINT_TYPE,
			   E.DIR_NUM,
			   E.PROTOCOL,
			   IFNULL(E.REG_CD,'') AS REG_CD,
			   RE.RESOURCE_ENDPOINTS,
			   IFNULL((SELECT DEPT_NM FROM DEPARTMENT WHERE DEPT_CD = E.DEPT_CD),'') AS DEPT_NM,
			   E.ENDPOINT_IP,
			   S.URI,
			   S.TITLE,
<!-- 			   S.MEMBER_NM, -->
			   (SELECT MEMBER_NM FROM MEMBER WHERE MEMBER_ID = S.INPUT_ID) AS MEMBER_NM,
			   S.START_TIME,
			   S.END_TIME
		FROM SCHEDULE S, RES_ENDPOINTS RE LEFT OUTER JOIN ENDPOINTS E ON RE.RES_KEY = E.ENDPOINT_KEY
		WHERE RE.SCHEDULE_ID = S.SCHEDULE_ID
			AND S.USE_YN = 'Y'
			AND RE.ENDPOINT_TYPE != 'CD0306'
			<if test="END_TIME != null and END_TIME !=''">
		  	 	AND #{END_TIME } >= DATE_FORMAT(CONVERT_LOCALTIME2(S.END_TIME, #{UNLOCODE }),'%Y%m%d') 
		   </if>
		   <if test="START_TIME != null and START_TIME !='' ">
	  	  		AND DATE_FORMAT(CONVERT_LOCALTIME2(S.START_TIME, #{UNLOCODE }),'%Y%m%d')>= #{START_TIME }  
		   </if>
		   <if test="S_SEARCH_VAL != null and S_SEARCH_VAL !='' ">
		   		<if test="S_SEARCH_GB == 'TITLE'">
		            AND LOWER(S.TITLE) LIKE LOWER( #{S_SEARCH_VAL } )
		   		</if>
		   		<if test="S_SEARCH_GB == 'NAME'">
		            AND LOWER(S.MEMBER_NM) LIKE LOWER( #{S_SEARCH_VAL } )
		   		</if>
		   </if>
<!-- 		GROUP BY RE.SCHEDULE_ID, RE.RES_ENDPOINT_ID ORDER BY RE.SCHEDULE_ID, RE.ENDPOINT_TYPE, E.DISPLAY_NM ASC -->
		ORDER BY S.START_TIME DESC
	</select>
		
	<select id="COMPANY_SELECT_PARTICIPANT_DETAIL_SEARCH" parameterType="java.util.HashMap" resultType="java.util.HashMap">
    	SELECT S.SCHEDULE_ID,
			   IFNULL(P.MEMBER_ID,'') AS MEMBER_ID,
			   P.MEMBER_NM AS EMAIL_NM,
			   P.EMAIL,
			   S.URI,
			   S.TITLE,
<!-- 			   S.MEMBER_NM, -->
			   (SELECT MEMBER_NM FROM MEMBER WHERE MEMBER_ID = S.INPUT_ID) AS MEMBER_NM,
			   S.START_TIME,
			   S.END_TIME
		FROM SCHEDULE S , PARTICIPANT P 
		WHERE S.SCHEDULE_ID = P.SCHEDULE_ID
		AND S.USE_YN = 'Y'
		<if test="END_TIME != null and END_TIME !=''">
		  	 	AND #{END_TIME } >= DATE_FORMAT(CONVERT_LOCALTIME2(S.END_TIME, #{UNLOCODE }),'%Y%m%d') 
		   </if>
		   <if test="START_TIME != null and START_TIME !='' ">
	  	  		AND DATE_FORMAT(CONVERT_LOCALTIME2(S.START_TIME, #{UNLOCODE }),'%Y%m%d')>= #{START_TIME }  
		   </if>
		   <if test="S_SEARCH_VAL != null and S_SEARCH_VAL !='' ">
		   		<if test="S_SEARCH_GB == 'TITLE'">
		            AND LOWER(S.TITLE) LIKE LOWER( #{S_SEARCH_VAL } )
		   		</if>
		   		<if test="S_SEARCH_GB == 'NAME'">
		            AND LOWER(S.MEMBER_NM) LIKE LOWER( #{S_SEARCH_VAL } )
		   		</if>
		   </if>
		   ORDER BY S.START_TIME DESC
    </select>

	<select id="COMPANY_SELECT_SEARCH" parameterType="itsMap" resultType="itsMap">
		SELECT 
			S.SCHEDULE_ID
	        ,   S.TITLE
	        ,   S.SCHEDULE_TYPE
	        ,   S.CONTENTS
	        ,   S.CONF_ID
			,	S.START_TIME
			,	S.END_TIME
			,	S.MEMBER_NM
			,	S.DEPT_NM
			,	S.ATTENDED_CNT
			,	S.PARTI_CNT
			,	S.ENDPOINT_CNT
	        ,   S.RECORDING_YN
	        ,   S.MEETING_KEY
		FROM(
		 SELECT	distinct S.SCHEDULE_ID
	        ,   S.TITLE
	        ,   S.SCHEDULE_TYPE
	        ,   S.CONTENTS
	        ,   S.CONF_ID
			,	DATE_FORMAT(CONVERT_LOCALTIME2(S.START_TIME, #{UNLOCODE }),'%Y-%m-%d %H:%i') AS START_TIME
			,	DATE_FORMAT(CONVERT_LOCALTIME2(S.END_TIME, #{UNLOCODE }),'%Y-%m-%d %H:%i') AS END_TIME
			,	(SELECT  M.MEMBER_NM
	               FROM  MEMBER M
	              WHERE  M.MEMBER_ID = S.INPUT_ID
	              AND M.AUTH_CD != 'CD0101'
	            ) AS MEMBER_NM
	        ,	(SELECT  M.DEPT_NM
	               FROM  MEMBER M
	              WHERE  M.MEMBER_ID = S.INPUT_ID
	              AND M.AUTH_CD != 'CD0101'
	            ) AS DEPT_NM   
			,   (SELECT COUNT(P.EMAIL)
				 FROM  PARTICIPANT P
				 WHERE  P.SCHEDULE_ID = S.SCHEDULE_ID
			    ) AS ATTENDED_CNT
			,	(SELECT convert(COUNT(*),char) FROM PARTICIPANT P WHERE P.SCHEDULE_ID  = S.SCHEDULE_ID ) AS PARTI_CNT
			,	(SELECT convert(COUNT(*),char) FROM RES_ENDPOINTS RE WHERE RE.SCHEDULE_ID  = S.SCHEDULE_ID  AND RE.RES_KEY != 'resource') AS ENDPOINT_CNT
	        ,   S.RECORDING_YN
	        ,   S.MEETING_KEY
		  FROM	SCHEDULE S
		  , RES_ENDPOINTS R
		  WHERE S.USE_YN = 'Y' 
		  AND S.SCHEDULE_ID = R.SCHEDULE_ID
		   <if test="END_TIME != null and END_TIME !=''">
		  	 	AND #{END_TIME } >= DATE_FORMAT(CONVERT_LOCALTIME2(S.END_TIME, #{UNLOCODE }),'%Y%m%d') 
		   </if>
		   <if test="START_TIME != null and START_TIME !='' ">
	  	  		AND DATE_FORMAT(CONVERT_LOCALTIME2(S.START_TIME, #{UNLOCODE }),'%Y%m%d')>= #{START_TIME }  
		   </if>
		   ) S
		   <if test="S_SEARCH_VAL != null and S_SEARCH_VAL !='' ">
		   		<if test="S_SEARCH_GB == 'TITLE'">
		            WHERE LOWER(S.TITLE) LIKE LOWER( #{S_SEARCH_VAL } )
		   		</if>
		   		<if test="S_SEARCH_GB == 'NAME'">
		            WHERE LOWER(MEMBER_NM) LIKE LOWER( #{S_SEARCH_VAL } )
		   		</if>
		   		<if test="S_SEARCH_GB == 'DEPT'">
		            WHERE LOWER(DEPT_NM) LIKE LOWER( #{S_SEARCH_VAL } )
		   		</if>
		   </if>
		   ORDER BY S.START_TIME DESC
		   <if test="NPAGE != null">
		   LIMIT #{NPAGE}, #{FETCH}
		   </if>
	</select>
	
		<!-- COMPANY 체크후 검색 -->
	<select id="SELECT_MY_SCHEDULE_CNT" parameterType="itsMap" resultType="itsMap">  
	      	  SELECT 
			COUNT(S.SCHEDULE_ID) AS SCHEDULE_CNT
		FROM(
		 SELECT	distinct S.SCHEDULE_ID
	        ,   S.TITLE
	        ,   S.SCHEDULE_TYPE
	        ,   S.CONTENTS
	        ,   S.CONF_ID
			,	DATE_FORMAT(CONVERT_LOCALTIME2(S.START_TIME, #{UNLOCODE }),'%Y-%m-%d %H:%i') AS START_TIME
			,	DATE_FORMAT(CONVERT_LOCALTIME2(S.END_TIME, #{UNLOCODE }),'%Y-%m-%d %H:%i') AS END_TIME
			,	(SELECT  M.MEMBER_NM
	               FROM  MEMBER M
	              WHERE  M.MEMBER_ID = S.INPUT_ID
	              AND M.AUTH_CD != 'CD0101'
	            ) AS MEMBER_NM
			,   (SELECT COUNT(P.EMAIL)
				 FROM  PARTICIPANT P
				 WHERE  P.SCHEDULE_ID = S.SCHEDULE_ID
			    ) AS ATTENDED_CNT
		  FROM	SCHEDULE S
		  , RES_ENDPOINTS R
		  WHERE S.USE_YN = 'Y' 
		  AND S.SCHEDULE_ID = R.SCHEDULE_ID
		   <if test="END_TIME != null and END_TIME !=''">
		  	 	AND #{END_TIME } >= DATE_FORMAT(CONVERT_LOCALTIME2(S.END_TIME, #{UNLOCODE }),'%Y%m%d') 
		   </if>
		   <if test="START_TIME != null and START_TIME !='' ">
	  	  		AND DATE_FORMAT(CONVERT_LOCALTIME2(S.START_TIME, #{UNLOCODE }),'%Y%m%d')>= #{START_TIME }  
		   </if>
			<!-- 		   전체/주체/참석 -->
		   <choose>
	           <when test="MEETINGTYPE == 'all'">
		       		AND (S.SCHEDULE_ID IN (SELECT P.SCHEDULE_ID FROM PARTICIPANT P WHERE P.MEMBER_ID = #{MEMBER_ID}) OR S.INPUT_ID = #{MEMBER_ID})
		       </when>
		       <when test="MEETINGTYPE == 'my'">
		       		AND (S.INPUT_ID = #{MEMBER_ID})
		       </when>
	           <when test="MEETINGTYPE == 'guest'">
	           		AND (S.SCHEDULE_ID IN (SELECT P.SCHEDULE_ID FROM PARTICIPANT P WHERE P.MEMBER_ID = #{MEMBER_ID}))
			   </when>
		   </choose>
		   ) S
		   <if test="S_SEARCH_VAL != null and S_SEARCH_VAL !='' ">
		   		<if test="S_SEARCH_GB == 'TITLE'">
		            WHERE LOWER(S.TITLE) LIKE LOWER( #{S_SEARCH_VAL } )
		   		</if>
		   		<if test="S_SEARCH_GB == 'NAME'">
		            WHERE LOWER(S.DISPLAYNAME) LIKE LOWER( #{S_SEARCH_VAL } )
		   		</if>
		   </if>
		   
	</select>
	
	<select id="COMPANY_MY_SELECT_SEARCH" parameterType="itsMap" resultType="itsMap">
		SELECT 
			S.SCHEDULE_ID
	        ,   S.TITLE
	        ,   S.SCHEDULE_TYPE
	        ,   S.CONTENTS
	        ,   S.CONF_ID
			,	S.START_TIME
			,	S.END_TIME
			,	S.DISPLAYNAME
			,	S.ATTENDED_CNT
			,	S.PARTI_CNT
			,	S.ENDPOINT_CNT
			,	S.DEPT_NM
			,	S.URI
		FROM(
		 SELECT	distinct S.SCHEDULE_ID
	        ,   S.TITLE
	        ,   S.SCHEDULE_TYPE
	        ,   S.CONTENTS
	        ,   S.CONF_ID
			,	DATE_FORMAT(CONVERT_LOCALTIME2(S.START_TIME, #{UNLOCODE }),'%Y-%m-%d %H:%i') AS START_TIME
			,	DATE_FORMAT(CONVERT_LOCALTIME2(S.END_TIME, #{UNLOCODE }),'%Y-%m-%d %H:%i') AS END_TIME
			,	(SELECT  M.MEMBER_NM
	               FROM  MEMBER M
	              WHERE  M.MEMBER_ID = S.INPUT_ID
	            ) AS DISPLAYNAME
			,   (SELECT COUNT(P.EMAIL)
				 FROM  PARTICIPANT P
				 WHERE  P.SCHEDULE_ID = S.SCHEDULE_ID
			    ) AS ATTENDED_CNT
			,	if(S.OPEN_YN = 'Y' or S.INPUT_ID = #{MEMBER_ID}, (SELECT convert(COUNT(*),char) FROM PARTICIPANT P WHERE P.SCHEDULE_ID  = S.SCHEDULE_ID ), '********' ) AS PARTI_CNT
			,	if(S.OPEN_YN = 'Y' or S.INPUT_ID = #{MEMBER_ID}, (SELECT convert(COUNT(*),char) FROM RES_ENDPOINTS RE WHERE RE.SCHEDULE_ID  = S.SCHEDULE_ID  AND RE.RES_KEY != 'resource'), '********' ) AS ENDPOINT_CNT
	        ,	(SELECT  M.DEPT_NM
	               FROM  MEMBER M
	              WHERE  M.MEMBER_ID = S.INPUT_ID
	            ) AS DEPT_NM
	        ,   S.MEETING_KEY AS URI
		  FROM	SCHEDULE S
		  , RES_ENDPOINTS R
		  WHERE S.USE_YN = 'Y' 
		  AND S.SCHEDULE_ID = R.SCHEDULE_ID
		   <if test="END_TIME != null and END_TIME !=''">
		  	 	AND #{END_TIME } >= DATE_FORMAT(CONVERT_LOCALTIME2(S.END_TIME, #{UNLOCODE }),'%Y%m%d') 
		   </if>
		   <if test="START_TIME != null and START_TIME !='' ">
	  	  		AND DATE_FORMAT(CONVERT_LOCALTIME2(S.START_TIME, #{UNLOCODE }),'%Y%m%d')>= #{START_TIME }  
		   </if>
		   <!-- 		   전체/주체/참석 -->
		   <choose>
	           <when test="MEETINGTYPE == 'all'">
		       		AND (S.SCHEDULE_ID IN (SELECT P.SCHEDULE_ID FROM PARTICIPANT P WHERE P.MEMBER_ID = #{MEMBER_ID}) OR S.INPUT_ID = #{MEMBER_ID})
		       </when>
		       <when test="MEETINGTYPE == 'my'">
		       		AND (S.INPUT_ID = #{MEMBER_ID})
		       </when>
	           <when test="MEETINGTYPE == 'guest'">
	           		AND (S.SCHEDULE_ID IN (SELECT P.SCHEDULE_ID FROM PARTICIPANT P WHERE P.MEMBER_ID = #{MEMBER_ID}))
			   </when>
		   </choose>

		   ) S
		   <if test="S_SEARCH_VAL != null and S_SEARCH_VAL !='' ">
		   		<if test="S_SEARCH_GB == 'TITLE'">
		            WHERE LOWER(S.TITLE) LIKE LOWER( #{S_SEARCH_VAL } )
		   		</if>
		   		<if test="S_SEARCH_GB == 'NAME'">
		            WHERE LOWER(S.DISPLAYNAME) LIKE LOWER( #{S_SEARCH_VAL } )
		   		</if>
		   </if>
		   ORDER BY S.START_TIME DESC
		   <if test="NPAGE != null">
		   LIMIT #{NPAGE}, #{FETCH}
		   </if>
	</select>
	
	<select id="TODATE_SELECT" parameterType="itsMap" resultType="itsMap">
		SELECT DATE_FORMAT(SYSDATE(), '%Y-%m-%d') AS TO_DATE
	</select>


    
</mapper>