﻿<?xml version="1.0" encoding="UTF-8" ?>
<!DOCTYPE configuration PUBLIC "-//mybatis.org//DTD Config 3.0//EN" "http://mybatis.org/dtd/mybatis-3-config.dtd">
<configuration>
    <environments default="product_db2_real_1">
		<environment id="product_db2_real_1">
            <transactionManager type="JDBC"/>
            <dataSource type="POOLED">               
                <property name="driver" value="com.mysql.jdbc.Driver"/>
                <property name="url" value="jdbc:mysql://localhost:3306/vemanager_cms_kotire?characterSetResults=utf8&amp;characterEncoding=utf8&amp;useUnicode=true"/>
                <property name="username" value="vemanager"/>
                <property name="password" value="flqmxpr12"/>
                <property name="poolMaximumActiveConnections" value="2"/>           <!--활성화 상태 최대 커넥션 수-->
                <property name="poolMaximumIdleConnections" value="5"/>             <!--유휴 상태 최대 커넥션 수-->
                <property name="poolMaximumCheckoutTime" value="1200000"/>          <!--최대 커넥션 획득 시간-->
                <property name="poolPingEnabled" value="true"/>                     <!--커넥션 살아있는지 핑 테스트 시간-->
                <property name="poolPingQuery" value="select 1 from dual"/>         <!--커넥션 핑 테스트 쿼리-->
                <property name="poolPingConnectionsNotUsedFor" value="3000"/>       <!--유휴상태의 커넥션이 닫히는지 판단할 시간-->
                <property name="poolTimeToWait" value="30000"/>                     <!--사용된 커넥션 을 기다리는 시간-->
            </dataSource>
        </environment>
    </environments>
    <mappers>
        <mapper resource="query_mapper.xml"/>
    </mappers>
</configuration>
